Time Stamp,Vehicle ID,Vehicle Type,Vehicle Length,Vehicle Front Coordinate,Vehicle Rear Coordinate,Speed,Acceleration,Headway,Lane
0.4,1,Passenger Car,4.211,-289.088 -46.402 0.000,-293.299 -46.396 0.000,48.384201319186126,0.9346526378302616,157.94899292899785,4-1
0.5,1,Passenger Car,4.211,-287.736 -46.404 0.000,-291.947 -46.398 0.000,48.874064178867904,0.9277684590144347,156.61184147171988,4-1
0.6,1,Passenger Car,4.211,-286.370 -46.406 0.000,-290.581 -46.400 0.000,49.39223872036055,0.9813889466399894,155.26103222869136,4-1
0.7,1,Passenger Car,4.211,-284.990 -46.408 0.000,-289.201 -46.402 0.000,49.906225286959085,0.9734571940339,153.89622246620206,4-1
0.8,1,Passenger Car,4.211,-283.596 -46.410 0.000,-287.807 -46.404 0.000,50.41605772658984,0.9655895472032218,152.51707713276707,4-1
0.9,1,Passenger Car,4.211,-282.187 -46.412 0.000,-286.398 -46.406 0.000,50.92295387551794,0.9600284032083619,151.12371209091222,4-1
1.0,1,Passenger Car,4.211,-280.764 -46.414 0.000,-284.975 -46.408 0.000,51.427196026780194,0.9550019039014636,149.71622581866072,4-1
1.1,1,Passenger Car,4.211,-279.328 -46.416 0.000,-283.539 -46.410 0.000,51.92879807612947,0.950001722248499,148.29469595890657,4-1
1.2,1,Passenger Car,4.211,-277.877 -46.418 0.000,-282.088 -46.412 0.000,52.42777384656348,0.9450277204559728,146.85919604081062,4-1
1.3,1,Passenger Car,4.211,-276.413 -46.420 0.000,-280.624 -46.414 0.000,52.92413708870577,0.9400797614518467,145.409799208551,4-1
1.4,1,Passenger Car,4.211,-274.935 -46.423 0.000,-279.146 -46.416 0.000,53.41790148118459,0.9351577088817612,143.94657822333892,4-1
1.5,1,Passenger Car,4.211,-273.443 -46.425 0.000,-277.654 -46.419 0.000,53.90908063100989,0.9302614271052785,142.46960546542377,4-1
1.6,1,Passenger Car,4.211,-271.937 -46.427 0.000,-276.148 -46.421 0.000,54.39768807394828,0.925390781192145,140.97895293608775,4-1
1.7,1,Passenger Car,4.211,-270.418 -46.429 0.000,-274.629 -46.423 0.000,54.88373727489605,0.9205456369185718,139.47469225963,4-1
1.8,1,Passenger Car,4.211,-268.886 -46.431 0.000,-273.097 -46.425 0.000,55.36724162825023,0.9157258607635376,137.9568946853405,4-1
1.9,1,Passenger Car,4.211,-267.340 -46.434 0.000,-271.551 -46.428 0.000,55.8482144582777,0.9109313199051062,136.42563108946345,4-1
2.0,1,Passenger Car,4.211,-265.781 -46.436 0.000,-269.992 -46.430 0.000,56.326669019482416,0.9061618822167704,134.88097197715058,4-1
2.1,1,Passenger Car,4.211,-264.208 -46.438 0.000,-268.419 -46.432 0.000,56.80261849697061,0.9014174162638066,133.32298748440388,4-1
2.2,1,Passenger Car,4.211,-262.623 -46.441 0.000,-266.834 -46.434 0.000,57.27607600681417,0.8966977912996555,131.7517473800087,4-1
2.3,1,Passenger Car,4.211,-261.024 -46.443 0.000,-265.235 -46.437 0.000,57.747054596412134,0.8920028772623189,130.16732106745616,4-1
2.4,1,Passenger Car,4.211,-259.412 -46.445 0.000,-263.623 -46.439 0.000,58.21556724485016,0.8873325447707735,128.5697775868558,4-1
2.5,1,Passenger Car,4.211,-257.787 -46.448 0.000,-261.998 -46.442 0.000,58.681626863258266,0.8826866651214078,126.95918561683825,4-1
2.6,1,Passenger Car,4.211,-256.141 -46.404 0.000,-260.352 -46.436 0.000,59.1452462951666,0.8780651102844742,125.33561347644786,4-1
2.7,1,Passenger Car,4.211,-254.479 -46.353 0.000,-258.690 -46.416 0.000,59.6064383168594,0.8734677529005609,123.69912912702529,4-1
2.8,1,Passenger Car,4.211,-252.805 -46.305 0.000,-257.016 -46.387 0.000,60.06521563772706,0.8688944662770817,122.04980017408049,4-1
2.9,1,Passenger Car,4.211,-251.118 -46.258 0.000,-255.328 -46.351 0.000,60.52176543341435,0.8646756781751453,120.38769386915567,4-1
2.9,2,Passenger Car,4.211,-288.412 -42.903 0.000,-292.623 -42.897 0.000,46.106073047840404,1.0147751700536745,154.8195421879656,4-2
3.0,1,Passenger Car,4.211,-249.419 -46.211 0.000,-253.628 -46.312 0.000,60.977146671482174,0.8624625058954714,118.71287468761204,4-1
3.0,2,Passenger Car,4.211,-287.125 -42.905 0.000,-291.336 -42.898 0.000,46.637646729238654,1.0067660478768754,153.54625963813,4-2
3.1,1,Passenger Car,4.211,-247.706 -46.165 0.000,-251.916 -46.270 0.000,61.43136234290088,0.8602549983195276,117.02538979726626,4-1
3.1,2,Passenger Car,4.211,-285.823 -42.907 0.000,-290.034 -42.900 0.000,47.16502496056488,0.9988201377690504,152.25815241900392,4-2
3.2,1,Passenger Car,4.211,-245.981 -46.118 0.000,-250.191 -46.226 0.000,61.884415430985335,0.8580531409482762,115.32527161651095,4-1
3.2,2,Passenger Car,4.211,-284.507 -42.909 0.000,-288.718 -42.902 0.000,47.68824085444659,0.9909369408283757,150.9553375344233,4-2
3.3,1,Passenger Car,4.211,-244.243 -46.072 0.000,-248.453 -46.181 0.000,62.33630891141449,0.8558569193197905,113.61255248076252,4-1
3.3,2,Passenger Car,4.211,-283.176 -42.910 0.000,-287.387 -42.904 0.000,48.207327262169585,0.9831159620906142,149.63793106477038,4-2
3.4,1,Passenger Car,4.211,-242.493 -46.025 0.000,-246.702 -46.136 0.000,62.780802994552445,0.8418429411485419,111.88726464267363,4-1
3.4,2,Passenger Car,4.211,-281.831 -42.912 0.000,-286.042 -42.906 0.000,48.7223167757406,0.9753567104980385,148.30604817426183,4-2
3.5,1,Passenger Car,4.211,-240.730 -45.978 0.000,-244.940 -46.089 0.000,63.1995164208684,0.7930160505619271,110.14952697731297,4-1
3.5,2,Passenger Car,4.211,-280.472 -42.914 0.000,-284.683 -42.908 0.000,49.23324172993367,0.967658698868599,146.95980311817974,4-2
3.6,1,Passenger Car,4.211,-238.957 -45.931 0.000,-243.166 -46.042 0.000,63.593944468458034,0.7470211196293358,108.39980031876547,4-1
3.6,2,Passenger Car,4.211,-279.098 -42.916 0.000,-283.309 -42.910 0.000,49.74013420432029,0.9600214438653344,145.59930925004537,4-2
3.7,1,Passenger Car,4.211,-237.172 -45.884 0.000,-241.382 -45.995 0.000,63.965495689287465,0.7036938946908341,106.63878002863592,4-1
3.7,2,Passenger Car,4.211,-277.710 -42.918 0.000,-281.921 -42.912 0.000,50.24302602528371,0.9524444659660251,144.2246790287363,4-2
3.8,1,Passenger Car,4.211,-235.377 -45.836 0.000,-239.587 -45.948 0.000,64.3154969393088,0.662879648798766,104.86712113755613,4-1
3.8,2,Passenger Car,4.211,-276.309 -42.921 0.000,-280.520 -42.914 0.000,50.74261271258198,0.9461847573419656,142.83602402554735,4-2
3.9,1,Passenger Car,4.211,-233.573 -45.788 0.000,-237.783 -45.900 0.000,64.6451981168289,0.6244326291684366,103.08544068438118,4-1
3.9,2,Passenger Car,4.211,-274.894 -42.923 0.000,-279.105 -42.916 0.000,51.23962127306349,0.941301952498421,141.43344570974364,4-2
4.0,1,Passenger Car,4.211,-231.760 -45.740 0.000,-235.970 -45.852 0.000,64.95577662605282,0.5882155366766669,101.2943199197126,4-1
4.0,2,Passenger Car,4.211,-273.465 -42.925 0.000,-277.676 -42.919 0.000,51.73406501120183,0.936444345464242,140.01702579327636,4-2
4.1,1,Passenger Car,4.211,-229.939 -45.692 0.000,-234.148 -45.804 0.000,65.24834158174176,0.5540990355494196,99.49430638161704,4-1
4.1,2,Passenger Car,4.211,-272.022 -42.927 0.000,-276.233 -42.921 0.000,52.22595716281258,0.9316118062056433,138.5868357059949,4-2
4.2,1,Passenger Car,4.211,-228.109 -45.643 0.000,-232.319 -45.755 0.000,65.52393777000073,0.5219612914875538,97.68591585095322,4-1
4.2,2,Passenger Car,4.211,-270.566 -42.929 0.000,-274.777 -42.923 0.000,52.71531089540764,0.9268042053598813,137.14294650913357,4-2
4.3,1,Passenger Car,4.211,-226.272 -45.595 0.000,-230.482 -45.706 0.000,65.78354937934068,0.49168753658127623,95.86963419329012,4-1
4.3,2,Passenger Car,4.211,-269.096 -42.931 0.000,-273.307 -42.925 0.000,53.20213930854772,0.9220214142317918,135.68542889721385,4-2
4.4,1,Passenger Car,4.211,-224.439 -45.418 0.000,-228.645 -45.631 0.000,66.02810351533893,0.46316965945956245,94.04591909399372,4-1
4.4,2,Passenger Car,4.211,-267.612 -42.933 0.000,-271.823 -42.927 0.000,53.68645543419299,0.917263304790344,134.21435319993668,4-2
4.5,1,Passenger Car,4.211,-222.640 -44.812 0.000,-226.806 -45.430 0.000,66.25847351144927,0.4363058192109075,92.21520169267872,4-1
4.5,2,Passenger Car,4.211,-266.115 -42.935 0.000,-270.326 -42.929 0.000,54.16827223705192,0.9125297496652138,132.7297893840653,4-2
4.6,1,Passenger Car,4.211,-220.836 -44.242 0.000,-224.960 -45.092 0.000,66.4754820477852,0.41100008169667507,90.37788812286222,4-1
4.6,2,Passenger Car,4.211,-264.605 -42.938 0.000,-268.816 -42.932 0.000,54.647602614928374,0.9078206221433747,131.231807055298,4-2
4.7,1,Passenger Car,4.211,-219.023 -43.692 0.000,-223.118 -44.674 0.000,66.67990408901366,0.3871620769582683,88.5343609623173,4-1
4.7,2,Passenger Car,4.211,-263.082 -42.940 0.000,-267.293 -42.934 0.000,55.12445939906682,0.9031357961657043,129.7204754601316,4-2
4.8,1,Passenger Car,4.211,-217.203 -43.152 0.000,-221.279 -44.210 0.000,66.87246965185086,0.3647066764946891,86.6849805993062,4-1
4.8,2,Passenger Car,4.211,-261.545 -42.942 0.000,-265.756 -42.936 0.000,55.59885535449587,0.8984751463236116,128.195863487715,4-2
4.9,1,Passenger Car,4.211,-215.376 -42.617 0.000,-219.440 -43.720 0.000,67.05386641204352,0.34355368925799773,84.83008651957198,4-1
4.9,2,Passenger Car,4.211,-259.996 -42.944 0.000,-264.207 -42.938 0.000,56.07080318036992,0.8938385478556784,126.6580396716933,4-2
5.0,1,Passenger Car,4.211,-213.543 -42.085 0.000,-217.600 -43.213 0.000,67.224742160145,0.32362757528103325,82.96999851868456,4-1
5.0,2,Passenger Car,4.211,-258.433 -42.947 0.000,-262.644 -42.941 0.000,56.54031551030918,0.8892258766443208,125.1070721920424,4-2
5.1,1,Passenger Car,4.211,-211.705 -41.554 0.000,-215.758 -42.697 0.000,67.38570711485659,0.30485717591473294,81.10501784407083,4-1
5.1,2,Passenger Car,4.211,-256.862 -42.926 0.000,-261.073 -42.939 0.000,57.00740491273777,0.8846370092124659,123.54302887689407,4-2
5.2,1,Passenger Car,4.211,-209.862 -41.024 0.000,-213.913 -42.174 0.000,67.5373361021949,0.2871754597116786,79.23542827080692,4-1
5.2,2,Passenger Car,4.211,-255.285 -42.876 0.000,-259.495 -42.927 0.000,57.47208389122025,0.8800718227202466,121.96597720435176,4-2
5.3,1,Passenger Car,4.211,-208.118 -40.219 0.000,-212.100 -41.592 0.000,67.6801706082676,0.27051928304840184,77.36149711501454,4-1
5.3,2,Passenger Car,4.211,-253.695 -42.829 0.000,-257.905 -42.903 0.000,57.93436488479627,0.8755301949617129,120.37598430429678,4-2
5.4,1,Passenger Car,4.211,-206.396 -39.357 0.000,-210.308 -40.915 0.000,67.81472071298809,0.25482916463159383,75.48347618848034,4-1
5.4,2,Passenger Car,4.211,-252.092 -42.783 0.000,-256.302 -42.872 0.000,58.39426026831358,0.8710120043615621,118.77311696018543,4-2
5.5,1,Passenger Car,4.211,-204.665 -38.510 0.000,-208.533 -40.173 0.000,67.94146691163478,0.24004907308296025,73.60160269790734,4-1
5.5,2,Passenger Car,4.211,-250.476 -42.739 0.000,-254.686 -42.836 0.000,58.851782352759294,0.8665171299718819,117.15744161083668,4-2
5.6,1,Passenger Car,4.211,-202.927 -37.671 0.000,-206.769 -39.395 0.000,68.06086183075996,0.22612622684414913,71.7161000920098,4-1
5.6,2,Passenger Car,4.211,-248.848 -42.694 0.000,-253.058 -42.797 0.000,59.30694338558943,0.862045451468915,115.52902435221068,4-2
5.7,1,Passenger Car,4.211,-201.183 -36.837 0.000,-205.010 -38.594 0.000,68.17333184457588,0.21301090568718828,69.82717885947653,4-1
5.7,2,Passenger Car,4.211,-247.208 -42.650 0.000,-251.418 -42.756 0.000,59.759755551056756,0.8575968491498366,113.88793093917806,4-2
5.8,1,Passenger Car,4.211,-199.436 -36.004 0.000,-203.254 -37.781 0.000,68.27927859759048,0.20065627315733134,67.93503728065242,4-1
5.8,2,Passenger Car,4.211,-245.555 -42.606 0.000,-249.765 -42.714 0.000,60.210230970537,0.853171203929551,112.23422678728019,4-2
5.9,1,Passenger Car,4.211,-197.685 -35.171 0.000,-201.497 -36.959 0.000,68.37908043893025,0.18901820931420682,66.03986213562233,4-1
5.9,2,Passenger Car,4.211,-243.890 -42.561 0.000,-248.099 -42.671 0.000,60.65892123086983,0.8497902283798255,110.56797697448027,4-2
5.9,4,Passenger Car,4.012,-287.693 -43.042 0.000,-291.703 -42.926 0.000,62.145612417475256,0.1424852770862295,43.98274618557897,4-2
6.0,1,Passenger Car,4.211,-196.070 -34.125 0.000,-199.791 -36.096 0.000,68.47309377347229,0.17805515317398102,64.14182937122621,4-1
6.0,2,Passenger Car,4.211,-242.212 -42.517 0.000,-246.422 -42.627 0.000,61.10644751640443,0.8475857356661376,108.88923874946074,4-2
6.0,4,Passenger Car,4.012,-285.962 -43.174 0.000,-289.969 -42.993 0.000,62.61051917649055,0.8805032242640527,43.93626229340869,4-2
6.1,1,Passenger Car,4.211,-194.517 -32.988 0.000,-198.131 -35.148 0.000,68.56165433461088,0.16772795428989068,62.24110472938729,4-1
6.1,2,Passenger Car,4.211,-240.522 -42.472 0.000,-244.731 -42.583 0.000,61.552812846678904,0.8453869617615891,107.19805307241526,4-2
6.1,4,Passenger Car,4.012,-284.217 -43.301 0.000,-288.223 -43.081 0.000,63.07426513465972,0.8783047428096169,43.89472392053797,4-2
6.2,1,Passenger Car,4.211,-192.952 -31.867 0.000,-196.502 -34.133 0.000,68.64507838320344,0.1579997329410786,60.33784433899724,4-1
6.2,2,Passenger Car,4.211,-238.820 -42.426 0.000,-243.029 -42.538 0.000,61.998020233398165,0.8431938918306683,105.49445223403912,4-2
6.2,4,Passenger Car,4.012,-282.460 -43.424 0.000,-286.465 -43.183 0.000,63.53685319032438,0.8761117506260575,43.8527027545926,4-2
6.3,1,Passenger Car,4.211,-191.396 -30.765 0.000,-194.906 -33.091 0.000,67.42107838320345,-2.318176549598751,58.43219527347205,4-1
6.3,2,Passenger Car,4.211,-237.105 -42.381 0.000,-241.315 -42.492 0.000,62.442072680454295,0.8410065110763487,103.77846844126026,4-2
6.3,4,Passenger Car,4.012,-280.690 -43.546 0.000,-284.694 -43.293 0.000,63.99828623458942,0.8739242340075074,43.810198792857776,4-2
6.4,1,Passenger Car,4.211,-189.864 -29.688 0.000,-193.352 -32.048 0.000,66.19707838320345,-2.318176549598751,56.54238754060529,4-1
6.4,2,Passenger Car,4.211,-235.378 -42.335 0.000,-239.588 -42.447 0.000,62.88043246498794,0.8302249777721166,102.05013381745675,4-2
6.4,4,Passenger Car,4.012,-278.906 -43.666 0.000,-282.910 -43.407 0.000,64.4585671513411,0.8717421792823207,43.767212035759705,4-2
6.4,5,Passenger Car,4.211,-287.435 -46.404 0.000,-291.646 -46.398 0.000,69.91921939079232,-0.4857466720955684,34.778195990776155,4-1
6.5,1,Passenger Car,4.211,-188.358 -28.634 0.000,-191.833 -31.013 0.000,64.97307838320344,-2.318176549598751,54.686579807738525,4-1
6.5,2,Passenger Car,4.211,-233.640 -42.289 0.000,-237.849 -42.400 0.000,63.293367382018644,0.7820719290613344,100.30954346821451,4-2
6.5,4,Passenger Car,4.012,-277.110 -43.786 0.000,-281.113 -43.524 0.000,64.91769881726505,0.869565572812988,43.723679421308475,4-2
6.5,5,Passenger Car,4.211,-285.485 -46.407 0.000,-289.696 -46.401 0.000,70.32576792486991,0.7699765342911733,34.77790141398517,4-1
6.6,1,Passenger Car,4.211,-186.836 -27.694 0.000,-190.348 -30.017 0.000,63.74907838320345,-2.318176549598751,52.864772074871766,4-1
6.6,2,Passenger Car,4.211,-231.890 -42.243 0.000,-236.100 -42.354 0.000,63.68235207386156,0.7367117571757765,98.55712958145052,4-2
6.6,4,Passenger Car,4.012,-275.301 -43.905 0.000,-279.304 -43.643 0.000,65.37568410186424,0.8673944009960499,43.67920072517515,4-2
6.6,5,Passenger Car,4.211,-283.524 -46.410 0.000,-287.735 -46.404 0.000,70.73124966731845,0.7679561001917191,34.77445636694458,4-1
6.7,1,Passenger Car,4.211,-185.339 -26.782 0.000,-188.880 -29.061 0.000,62.52507838320345,-2.318176549598751,51.076964342005,4-1
6.7,2,Passenger Car,4.211,-230.131 -42.196 0.000,-234.340 -42.307 0.000,64.0487756535776,0.6939824752595819,96.79357792234109,4-2
6.7,4,Passenger Car,4.012,-273.478 -44.025 0.000,-277.482 -43.762 0.000,65.83252586747697,0.8652286502620137,43.63312206596336,4-2
6.7,5,Passenger Car,4.211,-281.553 -46.413 0.000,-285.764 -46.407 0.000,71.13567195823207,0.7659495677540189,34.75866700842921,4-1
6.8,1,Passenger Car,4.211,-183.874 -25.885 0.000,-187.432 -28.138 0.000,61.301078383203446,-2.318176549598751,49.32315660913824,4-1
6.8,2,Passenger Car,4.211,-228.361 -42.149 0.000,-232.570 -42.261 0.000,64.3939466656701,0.6537314916945257,95.0195344816822,4-2
6.8,4,Passenger Car,4.012,-271.643 -44.144 0.000,-275.647 -43.882 0.000,66.28822696929468,0.8630683070752668,43.58482925704806,4-2
6.8,5,Passenger Car,4.211,-279.569 -46.416 0.000,-283.780 -46.410 0.000,71.5390375657688,0.7639482780280081,34.73056286959413,4-1
6.9,1,Passenger Car,4.211,-182.439 -25.004 0.000,-186.006 -27.240 0.000,60.07707838320345,-2.318176549598751,47.60334887627147,4-1
6.9,2,Passenger Car,4.211,-226.582 -42.102 0.000,-230.791 -42.213 0.000,64.71909775906124,0.6158150651762424,93.23560778280375,4-2
6.9,4,Passenger Car,4.012,-269.795 -44.263 0.000,-273.799 -44.003 0.000,66.74279025537986,0.8609133579339934,43.53374549986022,4-2
6.9,5,Passenger Car,4.211,-277.575 -46.419 0.000,-281.786 -46.413 0.000,71.94134925085399,0.7619522173154156,34.690173341202,4-1
7.0,1,Passenger Car,4.211,-181.033 -24.139 0.000,-184.607 -26.366 0.000,58.85307838320345,-2.318176549598751,45.917541143404705,4-1
7.0,2,Passenger Car,4.211,-224.827 -41.879 0.000,-229.031 -42.132 0.000,65.02539008903568,0.5800977913960195,91.4423710546825,4-2
7.0,4,Passenger Car,4.012,-267.934 -44.382 0.000,-271.938 -44.123 0.000,67.19621856668381,0.8587637893700898,43.47932921097212,4-2
7.0,5,Passenger Car,4.211,-275.569 -46.422 0.000,-279.780 -46.415 0.000,72.34260976719922,0.7599613719537611,34.63752773722266,4-1
7.1,1,Passenger Car,4.211,-179.657 -23.290 0.000,-183.235 -25.512 0.000,57.62907838320345,-2.318176549598751,44.26573341053795,4-1
7.1,2,Passenger Car,4.211,-223.136 -41.311 0.000,-227.300 -41.938 0.000,65.31391746387162,0.5464521194950512,89.64036427901448,4-2
7.1,4,Passenger Car,4.012,-266.061 -44.501 0.000,-270.064 -44.244 0.000,67.64851473706443,0.8566195879490796,43.42107197522259,4-2
7.1,5,Passenger Car,4.211,-273.553 -46.425 0.000,-277.764 -46.418 0.000,72.74282186132108,0.7579757283162621,34.572655295033776,4-1
7.2,1,Passenger Car,4.211,-178.355 -22.406 0.000,-181.903 -24.673 0.000,56.40507838320345,-2.318176549598751,42.64792567767118,4-1
7.2,2,Passenger Car,4.211,-221.438 -40.774 0.000,-225.563 -41.621 0.000,65.58571025096705,0.5147578965643377,87.83009611855744,4-2
7.2,4,Passenger Car,4.012,-264.174 -44.620 0.000,-268.178 -44.365 0.000,68.09968159330388,0.8544807402700304,43.358496617572015,4-2
7.2,5,Passenger Car,4.211,-271.525 -46.428 0.000,-275.736 -46.421 0.000,73.14198827256,0.7559952728117401,34.49558517562094,4-1
7.3,1,Passenger Car,4.211,-177.087 -21.532 0.000,-180.611 -23.837 0.000,55.18107838320345,-2.318176549598751,41.06411794480442,4-1
7.3,2,Passenger Car,4.211,-219.730 -40.255 0.000,-223.827 -41.231 0.000,65.84173905641096,0.48490193856360714,86.01204573362912,4-2
7.3,4,Passenger Car,4.012,-262.275 -44.740 0.000,-266.279 -44.486 0.000,68.54972195512634,0.8523472329654702,43.29115538680077,4-1
7.3,5,Passenger Car,4.211,-269.486 -46.431 0.000,-273.697 -46.424 0.000,73.54011173309902,0.7540199918845281,34.406346463777304,4-1
7.4,1,Passenger Car,4.211,-175.845 -20.680 0.000,-179.354 -23.009 0.000,53.95707838320345,-2.318176549598751,39.514310211937655,4-1
7.4,2,Passenger Car,4.211,-218.014 -39.745 0.000,-222.092 -40.797 0.000,66.08291819113913,0.45677762612691863,84.18666449324887,4-2
7.4,4,Passenger Car,4.012,-260.364 -44.859 0.000,-264.368 -44.606 0.000,68.9986386352155,0.8502190527013033,27.080206792582842,4-1
7.4,5,Passenger Car,4.211,-267.436 -46.434 0.000,-271.647 -46.427 0.000,73.93719496798246,0.7520498720143779,7.224761375719776,4-1
7.5,1,Passenger Car,4.211,-174.630 -19.850 0.000,-178.129 -22.192 0.000,52.733078383203456,-2.318176549598751,37.99850247907089,4-1
7.5,2,Passenger Car,4.211,-216.290 -39.240 0.000,-220.356 -40.337 0.000,66.31010893605306,0.4302845238115567,82.3543775870329,4-2
7.5,4,Passenger Car,4.012,-258.439 -44.978 0.000,-262.443 -44.727 0.000,69.44643443923223,0.8480961861767268,27.10481311414573,4-1
7.5,5,Passenger Car,4.211,-265.380 -46.437 0.000,-269.591 -46.430 0.000,73.9989586489048,0.11697640255807663,7.086859346403948,4-1
7.6,1,Passenger Car,4.211,-173.442 -19.039 0.000,-176.935 -21.391 0.000,51.50907838320345,-2.318176549598751,36.51669474620414,4-1
7.6,2,Passenger Car,4.211,-214.560 -38.737 0.000,-218.618 -39.861 0.000,66.52412261776198,0.4053280214304869,80.51558554359967,4-2
7.6,4,Passenger Car,4.012,-256.501 -45.060 0.000,-260.507 -44.839 0.000,69.89311216583212,0.8459786201241487,27.116625277404594,4-1
7.6,5,Passenger Car,4.211,-263.322 -46.440 0.000,-267.533 -46.433 0.000,74.08250059645516,0.15822302591423973,6.95503878331451,4-1
7.7,1,Passenger Car,4.211,-172.282 -18.249 0.000,-175.771 -20.606 0.000,50.285078383203455,-2.318176549598751,35.068887013337374,4-1
7.7,2,Passenger Car,4.211,-212.823 -38.235 0.000,-216.877 -39.374 0.000,66.72572350593178,0.3818189961875189,78.6706656609078,4-2
7.7,4,Passenger Car,4.012,-254.547 -45.117 0.000,-258.555 -44.935 0.000,70.33867460668294,0.8438663413091032,27.116014197182672,4-1
7.7,5,Passenger Car,4.211,-261.261 -46.443 0.000,-265.472 -46.436 0.000,74.1868415619356,0.19761501580004626,6.833623329977069,4-1
7.8,1,Passenger Car,4.211,-171.149 -17.477 0.000,-174.636 -19.838 0.000,49.06107838320345,-2.318176549598751,33.655079280470616,4-1
7.8,2,Passenger Car,4.211,-211.082 -37.733 0.000,-215.133 -38.881 0.000,66.91563154258775,0.3596734944086427,76.81997335363428,4-2
7.8,4,Passenger Car,4.012,-252.580 -45.177 0.000,-256.589 -45.017 0.000,70.78312587064063,0.8417618444005209,27.10301089241282,4-1
7.8,5,Passenger Car,4.211,-259.197 -46.446 0.000,-263.408 -46.439 0.000,74.31101763354484,0.23518141930215108,6.721990616284355,4-1
7.9,1,Passenger Car,4.211,-170.044 -16.725 0.000,-173.529 -19.088 0.000,47.837078383203455,-2.318176549598751,32.27527154760385,4-1
7.9,2,Passenger Car,4.211,-209.427 -36.968 0.000,-213.411 -38.333 0.000,67.09452491311765,0.33881243173294057,74.96384342240485,4-2
7.9,4,Passenger Car,4.012,-250.598 -45.239 0.000,-254.607 -45.092 0.000,71.22646914571166,0.8396633853692511,27.077646286187296,4-1
7.9,5,Passenger Car,4.211,-257.126 -46.436 0.000,-261.337 -46.440 0.000,74.45408246329431,0.2709555011417921,6.619545356309953,4-1
8.0,1,Passenger Car,4.211,-168.966 -15.992 0.000,-172.451 -18.357 0.000,46.61307838320346,-2.318176549598751,30.92946381473709,4-1
8.0,2,Passenger Car,4.211,-207.792 -36.147 0.000,-211.708 -37.696 0.000,67.26304246815683,0.31916131069243053,73.10259124940895,4-2
8.0,4,Passenger Car,4.012,-248.602 -45.301 0.000,-252.612 -45.163 0.000,71.66870719404223,0.8375701576636055,27.039951200253043,4-1
8.0,5,Passenger Car,4.211,-255.041 -46.371 0.000,-259.252 -46.422 0.000,74.61510906257155,0.30497392672067003,6.525718896858741,4-1
8.1,1,Passenger Car,4.211,-167.917 -15.279 0.000,-171.401 -17.644 0.000,45.389078383203454,-2.318176549598751,29.617656081870322,4-1
8.1,2,Passenger Car,4.211,-206.147 -35.341 0.000,-210.019 -36.996 0.000,67.42178600500374,0.3006499546722699,71.23651392466903,4-2
8.1,4,Passenger Car,4.012,-246.592 -45.355 0.000,-250.602 -45.228 0.000,72.1098427708927,0.8354821482422199,26.98895637371598,4-1
8.1,5,Passenger Car,4.211,-252.951 -46.309 0.000,-257.161 -46.388 0.000,74.79319143871702,0.3372764610108358,6.439968685940521,4-1
8.2,1,Passenger Car,4.211,-166.895 -14.584 0.000,-170.379 -16.950 0.000,44.16507838320346,-2.318176549598751,28.339848349003546,4-1
8.2,2,Passenger Car,4.211,-204.494 -34.543 0.000,-208.339 -36.259 0.000,67.57132241671351,0.28321225730127725,69.36589130698624,4-2
8.2,4,Passenger Car,4.012,-244.568 -45.398 0.000,-248.579 -45.287 0.000,72.54987862465472,0.8333993440962421,26.922692469051405,4-1
8.2,5,Passenger Car,4.211,-250.856 -46.251 0.000,-255.065 -46.344 0.000,74.98744606482829,0.3679056526978938,6.3617777062689385,4-1
8.3,1,Passenger Car,4.211,-165.902 -13.908 0.000,-169.385 -16.275 0.000,42.941078383203454,-2.318176549598751,27.096040616136776,4-1
8.3,2,Passenger Car,4.211,-202.836 -33.748 0.000,-206.665 -35.500 0.000,67.71218571654413,0.26678594637780406,67.49098702335128,4-2
8.3,4,Passenger Car,4.012,-242.531 -45.443 0.000,-246.542 -45.341 0.000,72.9888174968684,0.8313217322492492,26.839190072294997,4-1
8.3,5,Passenger Car,4.211,-248.755 -46.193 0.000,-252.964 -46.295 0.000,75.19701314479008,0.39690644635236455,6.29065387143563,4-1
8.4,1,Passenger Car,4.211,-164.936 -13.251 0.000,-168.419 -15.618 0.000,41.71707838320346,-2.318176549598751,25.886232883270026,4-1
8.4,2,Passenger Car,4.211,-201.173 -32.955 0.000,-204.992 -34.728 0.000,67.84487894498457,0.25131236148789177,65.61204941038937,4-2
8.4,4,Passenger Car,4.012,-240.480 -45.487 0.000,-244.491 -45.391 0.000,73.35480144955308,0.6931498501985612,26.736479693233377,4-1
8.4,5,Passenger Car,4.211,-246.647 -46.136 0.000,-250.857 -46.242 0.000,75.42105767982864,0.42432580652951213,6.226129384100972,4-1
8.5,1,Passenger Car,4.211,-163.998 -12.614 0.000,-167.481 -14.981 0.000,40.49307838320346,-2.318176549598751,24.710425150403267,4-1
8.5,2,Passenger Car,4.211,-199.506 -32.162 0.000,-203.320 -33.948 0.000,67.96987596617548,0.23673624452159356,63.72931240120148,4-2
8.5,4,Passenger Car,4.012,-238.420 -45.532 0.000,-242.431 -45.439 0.000,73.60188831397068,0.46796648268526225,26.613589830492614,4-1
8.5,5,Passenger Car,4.211,-244.534 -46.080 0.000,-248.744 -46.188 0.000,75.65188858381133,0.43717874880338736,6.166761996903787,4-1
8.6,1,Passenger Car,4.211,-163.088 -11.995 0.000,-166.571 -14.362 0.000,39.26907838320346,-2.318176549598751,23.5686174175365,4-1
8.6,2,Passenger Car,4.211,-197.935 -31.164 0.000,-201.665 -33.118 0.000,68.0876231601373,0.22300554233933978,61.84299636076871,4-2
8.6,4,Passenger Car,4.012,-236.352 -45.576 0.000,-240.363 -45.486 0.000,73.73221448292041,0.24682930445942056,26.471185095292086,4-1
8.6,5,Passenger Car,4.211,-242.414 -46.023 0.000,-246.624 -46.133 0.000,75.87789449502908,0.428040525699096,6.109591767735509,4-1
8.7,1,Passenger Car,4.211,-162.130 -11.577 0.000,-165.710 -13.793 0.000,38.04507838320346,-2.318176549598751,22.460809684669726,4-1
8.7,2,Passenger Car,4.211,-196.418 -30.051 0.000,-200.040 -32.199 0.000,68.19854101684933,0.21007122088365845,59.95330887290325,4-2
8.7,4,Passenger Car,4.012,-234.280 -45.621 0.000,-238.291 -45.532 0.000,73.74783613091822,0.02958638729950431,26.310538512405913,4-1
8.7,5,Passenger Car,4.211,-240.289 -45.967 0.000,-244.499 -46.077 0.000,76.025740792279,0.2800112902203842,6.051318430486212,4-1
8.8,1,Passenger Car,4.211,-161.184 -11.221 0.000,-164.858 -13.279 0.000,36.82107838320346,-2.318176549598751,21.387001951802972,4-1
8.8,2,Passenger Car,4.211,-194.890 -28.954 0.000,-198.445 -31.212 0.000,68.30302563787207,0.19788709007240643,58.060445481556215,4-2
8.8,4,Passenger Car,4.012,-232.208 -45.666 0.000,-236.219 -45.578 0.000,73.65465264489653,-0.17648347394229558,26.13291632239573,4-1
8.8,5,Passenger Car,4.211,-238.161 -45.910 0.000,-242.371 -46.021 0.000,76.04885390028636,0.04377472628351611,5.989879754465804,4-1
8.9,1,Passenger Car,4.211,-160.276 -10.869 0.000,-164.011 -12.813 0.000,35.59707838320346,-2.318176549598751,20.34719421893621,4-1
8.9,2,Passenger Car,4.211,-193.369 -27.876 0.000,-196.883 -30.197 0.000,67.07902563787208,-2.318176549598751,56.16459038912953,4-2
8.9,4,Passenger Car,4.012,-230.137 -45.711 0.000,-234.148 -45.623 0.000,73.48335857174702,-0.32441985576834886,25.939903661813176,4-1
8.9,5,Passenger Car,4.211,-236.035 -45.854 0.000,-240.245 -45.965 0.000,75.95405750575415,-0.17953821796655733,5.924989394510938,4-1
9.0,1,Passenger Car,4.211,-159.402 -10.523 0.000,-163.179 -12.385 0.000,34.37307838320346,-2.318176549598751,19.34138648606944,4-1
9.0,2,Passenger Car,4.211,-191.873 -26.823 0.000,-195.363 -29.179 0.000,65.85502563787207,-2.318176549598751,54.28428412141086,4-2
9.0,4,Passenger Car,4.012,-228.081 -45.668 0.000,-232.093 -45.646 0.000,73.23977033250225,-0.46134031370527817,25.73300906033834,4-1
9.0,5,Passenger Car,4.211,-233.912 -45.797 0.000,-238.122 -45.909 0.000,75.77437600503417,-0.34030509915505525,5.857421336324869,4-1
9.1,1,Passenger Car,4.211,-158.561 -10.184 0.000,-162.367 -11.987 0.000,33.14907838320346,-2.318176549598751,18.36957875320269,4-1
9.1,2,Passenger Car,4.211,-190.401 -25.793 0.000,-193.878 -28.169 0.000,64.63102563787207,-2.318176549598751,52.43797785369219,4-2
9.1,4,Passenger Car,4.012,-226.036 -45.602 0.000,-230.048 -45.638 0.000,72.9292374762823,-0.588129072850504,25.51333625798833,4-1
9.1,5,Passenger Car,4.211,-231.796 -45.741 0.000,-236.005 -45.853 0.000,75.51637077658195,-0.4886451554508274,5.787903216789601,4-1
9.2,1,Passenger Car,4.211,-157.753 -9.855 0.000,-161.578 -11.615 0.000,31.92507838320346,-2.318176549598751,17.43177102033593,4-1
9.2,2,Passenger Car,4.211,-188.896 -24.851 0.000,-192.405 -27.180 0.000,63.407025637872074,-2.318176549598751,50.62567158597352,4-2
9.2,4,Passenger Car,4.012,-224.026 -45.255 0.000,-228.028 -45.539 0.000,72.55668365608612,-0.705592752812262,25.281926525230787,4-1
9.2,5,Passenger Car,4.211,-229.688 -45.685 0.000,-233.897 -45.797 0.000,75.18607146448603,-0.6255654572298432,5.716767953278051,4-1
9.3,1,Passenger Car,4.211,-156.975 -9.536 0.000,-160.815 -11.265 0.000,30.701078383203463,-2.318176549598751,16.527963287469163,4-1
9.3,2,Passenger Car,4.211,-187.404 -23.943 0.000,-190.943 -26.225 0.000,62.18302563787207,-2.318176549598751,48.84736531825486,4-2
9.3,4,Passenger Car,4.012,-222.058 -44.615 0.000,-226.016 -45.273 0.000,72.12664381118282,-0.8144675521633489,25.039762292092817,4-1
9.3,5,Passenger Car,4.211,-227.589 -45.630 0.000,-231.799 -45.741 0.000,74.78902246570185,-0.7519850310646995,5.64431627121278,4-1
9.4,1,Passenger Car,4.211,-156.229 -9.228 0.000,-160.079 -10.934 0.000,29.477078383203462,-2.318176549598751,15.658155554602388,4-1
9.4,2,Passenger Car,4.211,-185.944 -23.050 0.000,-189.501 -25.304 0.000,60.959025637872074,-2.318176549598751,47.10305905053619,4-2
9.4,4,Passenger Car,4.012,-220.102 -44.012 0.000,-224.021 -44.872 0.000,71.59363749262803,-1.0094793696582074,24.78711891779669,4-1
9.4,5,Passenger Car,4.211,-225.503 -45.574 0.000,-229.713 -45.686 0.000,74.33032513890292,-0.8687429627033342,5.570819514783352,4-1
9.5,1,Passenger Car,4.211,-155.514 -8.931 0.000,-159.371 -10.621 0.000,28.253078383203462,-2.318176549598751,14.822347821735633,4-1
9.5,2,Passenger Car,4.211,-184.514 -22.171 0.000,-188.081 -24.410 0.000,59.73502563787208,-2.318176549598751,45.392752782817524,4-2
9.5,4,Passenger Car,4.012,-218.160 -43.431 0.000,-222.053 -44.402 0.000,70.95878833702734,-1.202363092357921,24.524224909264063,4-1
9.5,5,Passenger Car,4.211,-223.469 -45.090 0.000,-227.657 -45.528 0.000,73.76211058110711,-1.0761614893977893,5.495832482827879,4-1
9.6,1,Passenger Car,4.211,-154.830 -8.647 0.000,-158.692 -10.323 0.000,27.029078383203462,-2.318176549598751,14.02054008886887,4-1
9.6,2,Passenger Car,4.211,-183.114 -21.310 0.000,-186.687 -23.538 0.000,58.51102563787207,-2.318176549598751,43.71644651509885,4-2
9.6,4,Passenger Car,4.012,-216.234 -42.866 0.000,-220.111 -43.897 0.000,70.22336196694104,-1.3928498080805378,24.25192484025463,4-1
9.6,5,Passenger Car,4.211,-221.473 -44.444 0.000,-225.614 -45.209 0.000,73.08598658920529,-1.2805349531436683,5.418887901017385,4-1
9.7,1,Passenger Car,4.211,-154.137 -8.488 0.000,-158.051 -10.044 0.000,25.805078383203462,-2.318176549598751,13.252732356002099,4-1
9.7,2,Passenger Car,4.211,-181.744 -20.465 0.000,-185.321 -22.687 0.000,57.28702563787208,-2.318176549598751,42.074140247380186,4-2
9.7,4,Passenger Car,4.012,-214.329 -42.312 0.000,-218.197 -43.377 0.000,69.38930576588871,-1.5796483058226596,23.971037964137608,4-1
9.7,5,Passenger Car,4.211,-219.495 -43.836 0.000,-223.599 -44.779 0.000,72.30368899544193,-1.4816208632923025,5.340194194540388,4-1
9.8,1,Passenger Car,4.211,-153.474 -8.350 0.000,-157.430 -9.795 0.000,24.581078383203465,-2.318176549598751,12.518924623135348,4-1
9.8,2,Passenger Car,4.211,-180.429 -19.586 0.000,-183.982 -21.845 0.000,56.06302563787207,-2.318176549598751,40.46583397966151,4-2
9.8,4,Passenger Car,4.012,-212.446 -41.767 0.000,-216.309 -42.851 0.000,68.53513475206051,-1.6177444555584288,23.683359980912073,4-1
9.8,5,Passenger Car,4.211,-217.537 -43.252 0.000,-221.617 -44.292 0.000,71.41765336515762,-1.6780939707794498,5.259957974376263,4-1
9.9,1,Passenger Car,4.211,-152.846 -8.215 0.000,-156.831 -9.574 0.000,23.357078383203465,-2.318176549598751,11.819116890268589,4-1
9.9,2,Passenger Car,4.211,-179.152 -18.705 0.000,-182.679 -21.006 0.000,54.839025637872076,-2.318176549598751,38.89152771194284,4-2
9.9,4,Passenger Car,4.012,-210.586 -41.231 0.000,-214.446 -42.325 0.000,67.6619691131683,-1.6537190424798722,23.39058290973294,4-1
9.9,5,Passenger Car,4.211,-215.601 -42.684 0.000,-219.667 -43.777 0.000,70.510756307926,-1.7176041592928368,5.179445448783895,4-1
10.0,1,Passenger Car,4.211,-152.251 -8.083 0.000,-156.258 -9.377 0.000,22.133078383203465,-2.318176549598751,11.153309157401821,4-1
10.0,2,Passenger Car,4.211,-177.902 -17.847 0.000,-181.412 -20.173 0.000,53.61502563787208,-2.318176549598751,37.35122144422418,4-2
10.0,4,Passenger Car,4.012,-208.807 -40.551 0.000,-212.629 -41.770 0.000,66.77089010268125,-1.68764580551531,23.09329404326759,4-1
10.0,5,Passenger Car,4.211,-213.689 -42.128 0.000,-217.747 -43.252 0.000,69.58395539499013,-1.7553007700283225,5.099843979230343,4-1
10.1,1,Passenger Car,4.211,-151.689 -7.956 0.000,-155.712 -9.198 0.000,20.909078383203465,-2.318176549598751,10.521501424535046,4-1
10.1,2,Passenger Car,4.211,-176.678 -17.010 0.000,-180.178 -19.351 0.000,52.391025637872076,-2.318176549598751,35.84491517650551,4-2
10.1,4,Passenger Car,4.012,-207.121 -39.703 0.000,-210.867 -41.139 0.000,65.86294149691159,-1.7195957239674102,22.792051476171878,4-1
10.1,5,Passenger Car,4.211,-211.802 -41.583 0.000,-215.855 -42.723 0.000,68.63848205455791,-1.7906651356705372,5.021207139132201,4-1
10.2,1,Passenger Car,4.211,-151.159 -7.834 0.000,-155.195 -9.036 0.000,19.685078383203464,-2.318176549598751,9.92369369166829,4-1
10.2,2,Passenger Car,4.211,-175.482 -16.194 0.000,-178.976 -18.545 0.000,51.16702563787208,-2.318176549598751,34.372608908786844,4-2
10.2,4,Passenger Car,4.012,-205.453 -38.885 0.000,-209.151 -40.442 0.000,64.93913102447125,-1.749637069840624,22.48738522939803,4-1
10.2,5,Passenger Car,4.211,-209.940 -41.046 0.000,-213.991 -42.196 0.000,67.67552125052855,-1.8237852566042785,4.943587613438382,4-1
10.3,1,Passenger Car,4.211,-150.662 -7.718 0.000,-154.707 -8.889 0.000,18.461078383203468,-2.318176549598751,9.359885958801527,4-1
10.3,2,Passenger Car,4.211,-174.314 -15.398 0.000,-177.803 -17.755 0.000,49.943025637872076,-2.318176549598751,32.93430264106817,4-2
10.3,4,Passenger Car,4.012,-203.806 -38.089 0.000,-207.474 -39.714 0.000,64.00043176969596,-1.7778354571453365,22.17979833818353,4-1
10.3,5,Passenger Car,4.211,-208.201 -40.262 0.000,-212.187 -41.621 0.000,66.69621333366882,-1.8547456272063905,4.867033019220273,4-1
10.3,6,Passenger Car,4.76,-288.495 -43.044 0.000,-293.254 -42.914 0.000,63.165127404400494,0.9461539995880448,122.44252704276568,4-2
10.4,1,Passenger Car,4.211,-150.197 -7.609 0.000,-154.249 -8.755 0.000,17.237078383203468,-2.318176549598751,8.830078225934756,4-1
10.4,2,Passenger Car,4.211,-173.173 -14.622 0.000,-176.661 -16.982 0.000,48.71902563787208,-2.318176549598751,31.529996373349505,4-2
10.4,4,Passenger Car,4.012,-202.181 -37.310 0.000,-205.832 -38.973 0.000,63.04778355169686,-1.8042538880576504,21.869767904743227,4-1
10.4,5,Passenger Car,4.211,-206.519 -39.417 0.000,-210.435 -40.966 0.000,65.70165585098003,-1.883627315030339,4.791586188803194,4-1
10.4,6,Passenger Car,4.76,-286.734 -43.178 0.000,-291.489 -42.974 0.000,63.81424738100348,1.2293911010107434,122.09918491657277,4-2
10.5,1,Passenger Car,4.211,-149.765 -7.506 0.000,-153.822 -8.633 0.000,16.013078383203467,-2.318176549598751,8.334270493068004,4-1
10.5,2,Passenger Car,4.211,-172.061 -13.865 0.000,-175.547 -16.228 0.000,47.49502563787208,-2.318176549598751,30.15969010563083,4-2
10.5,4,Passenger Car,4.012,-200.578 -36.546 0.000,-204.219 -38.231 0.000,62.0820942807717,-1.828952795798882,21.557746116665328,4-1
10.5,5,Passenger Car,4.211,-204.856 -38.603 0.000,-208.728 -40.258 0.000,64.69290531548779,-1.9105080357624975,4.717285440702426,4-1
10.5,6,Passenger Car,4.76,-284.954 -43.306 0.000,-289.707 -43.057 0.000,64.45972312591877,1.2224891627429852,121.70588875671639,4-2
10.6,1,Passenger Car,4.211,-149.364 -7.411 0.000,-153.426 -8.521 0.000,14.789078383203467,-2.318176549598751,7.872462760201245,4-1
10.6,2,Passenger Car,4.211,-170.977 -13.127 0.000,-174.462 -15.492 0.000,46.27102563787208,-2.318176549598751,28.82338383791216,4-2
10.6,4,Passenger Car,4.012,-199.000 -35.795 0.000,-202.635 -37.494 0.000,61.10424129398828,-1.8519900840820394,21.244161231991086,4-1
10.6,5,Passenger Car,4.211,-203.216 -37.810 0.000,-207.062 -39.527 0.000,63.67097893874738,-1.9354622238366308,4.644164838841334,4-1
10.6,6,Passenger Car,4.76,-283.156 -43.430 0.000,-287.908 -43.156 0.000,65.10157509826806,1.2156259727236995,121.2606121007278,4-2
10.7,1,Passenger Car,4.211,-148.995 -7.323 0.000,-153.060 -8.420 0.000,13.565078383203469,-2.318176549598751,7.444655027334477,4-1
10.7,2,Passenger Car,4.211,-169.921 -12.409 0.000,-173.405 -14.775 0.000,45.04702563787208,-2.318176549598751,27.521077570193498,4-2
10.7,4,Passenger Car,4.012,-197.447 -35.057 0.000,-201.078 -36.764 0.000,60.11507267184323,-1.8734211629538977,20.929418531937714,4-1
10.7,5,Passenger Car,4.211,-201.663 -36.909 0.000,-205.444 -38.763 0.000,62.63685632842648,-1.9585610985749562,4.57225444051528,4-1
10.7,6,Passenger Car,4.76,-281.340 -43.552 0.000,-286.091 -43.263 0.000,65.73982364231323,1.2088013134159135,120.76345589311055,4-2
10.8,1,Passenger Car,4.211,-148.658 -7.242 0.000,-152.726 -8.329 0.000,12.341078383203469,-2.318176549598751,7.050847294467701,4-1
10.8,2,Passenger Car,4.211,-168.894 -11.710 0.000,-172.377 -14.076 0.000,43.82302563787208,-2.318176549598751,26.252771302474827,4-2
10.8,4,Passenger Car,4.012,-196.070 -34.100 0.000,-199.599 -36.009 0.000,59.11540853800072,-1.893298980840404,20.61390124220378,4-1
10.8,5,Passenger Car,4.211,-200.136 -36.036 0.000,-203.876 -37.970 0.000,61.59148115340748,-1.9798727257040387,4.501580533552186,4-1
10.8,6,Passenger Car,4.76,-279.505 -43.673 0.000,-284.256 -43.376 0.000,66.37448898810128,1.20201496850393,120.21452051165447,4-2
10.9,1,Passenger Car,4.211,-148.353 -7.168 0.000,-152.424 -8.247 0.000,11.117078383203468,-2.318176549598751,6.691039561600945,4-1
10.9,2,Passenger Car,4.211,-167.895 -11.031 0.000,-171.378 -13.397 0.000,42.59902563787208,-2.318176549598751,25.01846503475616,4-2
10.9,4,Passenger Car,4.012,-194.739 -33.132 0.000,-198.180 -35.195 0.000,58.10604234422984,-1.911674052579576,20.297971423777454,4-1
10.9,5,Passenger Car,4.211,-198.637 -35.183 0.000,-202.351 -37.167 0.000,60.535762778943266,-1.9994620740714577,4.432165863107883,4-1
10.9,6,Passenger Car,4.76,-277.653 -43.793 0.000,-282.404 -43.493 0.000,67.0055912521054,1.1952667228864737,119.61390577061738,4-2
11.0,1,Passenger Car,4.211,-148.080 -7.102 0.000,-152.152 -8.175 0.000,9.89307838320347,-2.318176549598751,6.365231828734181,4-1
11.0,2,Passenger Car,4.211,-166.924 -10.370 0.000,-170.406 -12.737 0.000,41.375025637872085,-2.318176549598751,23.818158767037488,4-2
11.0,4,Passenger Car,4.012,-193.425 -32.192 0.000,-196.810 -34.346 0.000,57.0877421427868,-1.9285944832001058,19.981970834148427,4-1
11.0,5,Passenger Car,4.211,-197.190 -34.315 0.000,-200.871 -36.359 0.000,59.470577874505835,-2.0173910673639264,4.3640298485228755,4-1
11.0,6,Passenger Car,4.76,-275.784 -43.913 0.000,-280.534 -43.611 0.000,67.63315043786272,1.1885563626698707,118.96171092388875,4-2
11.1,1,Passenger Car,4.211,-147.839 -7.044 0.000,-151.913 -8.111 0.000,8.66907838320347,-2.318176549598751,6.073424095867409,4-1
11.1,2,Passenger Car,4.211,-165.981 -9.729 0.000,-169.464 -12.097 0.000,40.15102563787208,-2.318176549598751,22.651852499318807,4-2
11.1,4,Passenger Car,4.012,-192.131 -31.276 0.000,-195.481 -33.483 0.000,56.06125184863151,-1.9441059871744524,19.666221759806675,4-1
11.1,5,Passenger Car,4.211,-195.928 -33.221 0.000,-199.464 -35.507 0.000,58.396771997086695,-2.0337186305999526,4.297188790655767,4-1
11.1,6,Passenger Car,4.76,-273.896 -44.032 0.000,-278.647 -43.731 0.000,68.2571864366083,1.1818836751612705,118.25803466813564,4-2
11.2,1,Passenger Car,4.211,-147.630 -6.993 0.000,-151.704 -8.056 0.000,7.44507838320347,-2.318176549598751,5.815616363000657,4-1
11.2,2,Passenger Car,4.211,-165.066 -9.108 0.000,-168.549 -11.475 0.000,38.927025637872084,-2.318176549598751,21.519546231600145,4-2
11.2,4,Passenger Car,4.012,-190.857 -30.380 0.000,-194.186 -32.620 0.000,55.027292494028266,-1.9582519028427212,19.351027820893208,4-1
11.2,5,Passenger Car,4.211,-194.682 -32.167 0.000,-198.122 -34.596 0.000,57.31516115284452,-2.0485007311388226,4.231656070097799,4-1
11.2,6,Passenger Car,4.76,-271.992 -44.152 0.000,-276.742 -43.852 0.000,68.87771902790551,1.1752484488619033,117.50297514593109,4-2
11.3,1,Passenger Car,4.211,-147.452 -6.950 0.000,-151.528 -8.009 0.000,6.22107838320347,-2.318176549598751,5.591808630133897,4-1
11.3,2,Passenger Car,4.211,-164.114 -8.597 0.000,-167.655 -10.877 0.000,37.70302563787208,-2.318176549598751,20.421239963881476,4-2
11.3,4,Passenger Car,4.012,-189.606 -29.504 0.000,-192.921 -31.763 0.000,53.98656347826017,-1.971073201667144,19.036674748850928,4-1
11.3,5,Passenger Car,4.211,-193.455 -31.143 0.000,-196.832 -33.659 0.000,56.22653334014982,-2.06179041391326,4.16744233666347,4-1
11.3,6,Passenger Car,4.76,-270.070 -44.271 0.000,-274.820 -43.973 0.000,69.49476788027317,1.1686504734603775,116.69662994886485,4-2
11.4,1,Passenger Car,4.211,-147.306 -6.914 0.000,-151.383 -7.971 0.000,4.99707838320347,-2.318176549598751,5.402000897267129,4-1
11.4,2,Passenger Car,4.211,-163.108 -8.223 0.000,-166.760 -10.320 0.000,36.479025637872084,-2.318176549598751,19.3569336961628,4-2
11.4,4,Passenger Car,4.012,-188.378 -28.646 0.000,-191.685 -30.917 0.000,52.93974381538755,-1.982608491936419,18.72343113790737,4-1
11.4,5,Passenger Car,4.211,-192.250 -30.145 0.000,-195.587 -32.714 0.000,55.13165007725166,-2.073637830554479,4.104555690542554,4-1
11.4,6,Passenger Car,4.76,-268.130 -44.390 0.000,-272.881 -44.094 0.000,70.10835255180875,1.1620895398260125,115.8390961206366,4-2
11.5,1,Passenger Car,4.211,-147.192 -6.887 0.000,-151.269 -7.941 0.000,3.7730783832034693,-2.318176549598751,5.246193164400353,4-1
11.5,2,Passenger Car,4.211,-162.143 -7.851 0.000,-165.866 -9.819 0.000,35.25502563787209,-2.318176549598751,18.32662742844414,4-2
11.5,4,Passenger Car,4.012,-187.137 -27.882 0.000,-190.479 -30.103 0.000,51.88749338320584,-1.9928940164941138,18.41154917120555,4-1
11.5,5,Passenger Car,4.211,-191.069 -29.169 0.000,-194.378 -31.773 0.000,54.03124791798858,-2.084090262035546,4.043001855490417,4-1
11.5,6,Passenger Car,4.76,-266.173 -44.509 0.000,-270.924 -44.215 0.000,70.7185239183478,1.1556249617217564,114.93047016013189,4-2
11.6,1,Passenger Car,4.211,-147.110 -6.867 0.000,-151.187 -7.920 0.000,2.549078383203469,-2.318176549598751,5.124385431533597,4-1
11.6,2,Passenger Car,4.211,-161.215 -7.485 0.000,-164.985 -9.361 0.000,34.031025637872084,-2.318176549598751,17.330321160725475,4-2
11.6,4,Passenger Car,4.012,-185.919 -27.141 0.000,-189.287 -29.321 0.000,50.830454176809525,-2.001963644015052,18.10126532238408,4-1
11.6,5,Passenger Car,4.211,-189.913 -28.215 0.000,-193.204 -30.842 0.000,52.9260399591888,-2.0931921344113973,3.9827843444258804,4-1
11.6,6,Passenger Car,4.76,-264.200 -44.628 0.000,-268.951 -44.337 0.000,71.32544669456317,1.1494723425162252,113.97084758798727,4-2
11.7,1,Passenger Car,4.211,-147.060 -6.854 0.000,-151.137 -7.907 0.000,1.325078383203469,-2.318176549598751,5.036577698666832,4-1
11.7,2,Passenger Car,4.211,-160.323 -7.126 0.000,-164.125 -8.937 0.000,32.80702563787209,-2.318176549598751,16.3680148930068,4-2
11.7,4,Passenger Car,4.012,-184.729 -26.412 0.000,-188.113 -28.567 0.000,49.76925157044946,-2.0098488532981698,17.792801033393687,4-1
11.7,5,Passenger Car,4.211,-188.778 -27.287 0.000,-192.060 -29.925 0.000,51.816717343655235,-2.100985027180937,3.9239046177986268,4-1
11.7,6,Passenger Car,4.76,-262.209 -44.747 0.000,-266.960 -44.458 0.000,71.92913817615191,1.143352480238194,112.96032093052662,4-1
11.8,1,Passenger Car,4.211,-147.041 -6.850 0.000,-151.119 -7.902 0.000,0.10107838320346887,-2.318176549598751,4.98276996580006,4-1
11.8,2,Passenger Car,4.211,-159.466 -6.778 0.000,-163.290 -8.542 0.000,31.583025637872087,-2.318176549598751,15.43970862528812,4-2
11.8,4,Passenger Car,4.012,-183.564 -25.698 0.000,-186.959 -27.836 0.000,48.704495591684136,-2.0165787099827166,17.486363369323968,4-1
11.8,5,Passenger Car,4.211,-187.622 -26.451 0.000,-190.943 -29.041 0.000,50.7039507629122,-2.107507673738307,3.866362235082164,4-1
11.8,6,Passenger Car,4.76,-260.203 -44.866 0.000,-264.955 -44.580 0.000,72.39241893563316,0.8774236866909482,77.25917412809339,4-1
11.9,1,Passenger Car,4.211,-147.041 -6.850 0.000,-151.119 -7.902 0.000,0.0,-2.318176549598751,4.962962232933307,4-1
11.9,2,Passenger Car,4.211,-158.642 -6.440 0.000,-162.481 -8.170 0.000,30.359025637872087,-2.318176549598751,14.545402357569458,4-2
11.9,4,Passenger Car,4.012,-182.425 -24.997 0.000,-185.827 -27.125 0.000,47.63678221217404,-2.0221798350270817,17.182145651001903,4-1
11.9,5,Passenger Car,4.211,-186.496 -25.628 0.000,-189.840 -28.188 0.000,49.58839196420639,-2.1127959533156613,3.8101549997428066,4-1
11.9,6,Passenger Car,4.76,-258.186 -44.985 0.000,-262.938 -44.701 0.000,72.70975860604543,0.6010207370973205,76.67860622524314,4-1
12.0,1,Passenger Car,4.211,-147.041 -6.850 0.000,-151.119 -7.902 0.000,0.0,0.0,4.962846301111966,4-1
12.0,2,Passenger Car,4.211,-157.852 -6.114 0.000,-161.702 -7.820 0.000,29.135025637872086,-2.318176549598751,13.685096089850788,4-2
12.0,4,Passenger Car,4.012,-181.313 -24.312 0.000,-184.719 -26.433 0.000,46.486991341085,-2.1776292763899776,16.879282255494843,4-1
12.0,5,Passenger Car,4.211,-185.399 -24.819 0.000,-188.755 -27.362 0.000,48.47067526660752,-2.1168828737488976,3.7552790980308544,4-1
12.0,6,Passenger Car,4.76,-256.160 -45.061 0.000,-260.914 -44.814 0.000,72.91847569020837,0.3952966094829909,76.05624740837425,4-1
12.1,1,Passenger Car,4.211,-147.041 -6.850 0.000,-151.119 -7.902 0.000,0.0,0.0,4.962846301111966,4-1
12.1,2,Passenger Car,4.211,-157.095 -5.800 0.000,-160.953 -7.488 0.000,27.911025637872086,-2.318176549598751,12.85878982213211,4-2
12.1,4,Passenger Car,4.012,-180.230 -23.644 0.000,-183.638 -25.761 0.000,45.25572674599611,-2.3319352211489273,16.576954222973924,4-1
12.1,5,Passenger Car,4.211,-184.330 -24.024 0.000,-187.693 -26.559 0.000,47.26705312852851,-2.279582201856762,3.7006222413981504,4-2
12.1,6,Passenger Car,4.76,-254.127 -45.115 0.000,-258.883 -44.911 0.000,73.02410841551921,0.20006152507007266,75.39556453246536,4-1
12.2,1,Passenger Car,4.211,-147.041 -6.850 0.000,-151.119 -7.902 0.000,0.0,0.0,4.962846301111966,4-1
12.2,2,Passenger Car,4.211,-156.371 -5.498 0.000,-160.234 -7.174 0.000,26.687025637872086,-2.318176549598751,12.066483554413452,4-2
12.2,4,Passenger Car,4.012,-179.190 -22.978 0.000,-182.590 -25.108 0.000,43.94356695157463,-2.485145477740342,16.27543309810001,4-1
12.2,5,Passenger Car,4.211,-183.291 -23.246 0.000,-186.656 -25.778 0.000,45.97835649878904,-2.4407077668374098,32.504561594771715,4-2
12.2,6,Passenger Car,4.76,-252.092 -45.173 0.000,-256.849 -44.993 0.000,72.94269085769267,-0.15419956967244525,78.34341085693787,4-1
12.3,1,Passenger Car,4.211,-147.041 -6.850 0.000,-151.119 -7.902 0.000,0.0,0.0,4.962846301111966,4-1
12.3,2,Passenger Car,4.211,-155.667 -5.243 0.000,-159.548 -6.877 0.000,25.46302563787209,-2.318176549598751,11.308177286694786,4-2
12.3,4,Passenger Car,4.012,-178.207 -22.298 0.000,-181.581 -24.469 0.000,42.60994678350977,-2.5257900324182287,15.975746595358146,4-1
12.3,5,Passenger Car,4.211,-182.283 -22.486 0.000,-185.647 -25.019 0.000,44.71429984709185,-2.3940412478175954,31.96779272877764,4-2
12.3,6,Passenger Car,4.76,-250.060 -45.233 0.000,-254.817 -45.067 0.000,72.6676182239206,-0.5209697132735115,77.5549732794984,4-1
12.4,1,Passenger Car,4.211,-147.041 -6.850 0.000,-151.119 -7.902 0.000,0.0,0.0,4.962846301111966,4-1
12.4,2,Passenger Car,4.211,-154.961 -5.099 0.000,-158.895 -6.601 0.000,24.23902563787209,-2.318176549598751,10.583871018976112,4-2
12.4,4,Passenger Car,4.012,-177.254 -21.642 0.000,-180.610 -23.840 0.000,41.28112220927649,-2.5167074889854035,15.679200818681366,4-1
12.4,5,Passenger Car,4.211,-181.305 -21.744 0.000,-184.667 -24.280 0.000,43.43329517865803,-2.426139691413237,31.432478769470194,4-2
12.4,6,Passenger Car,4.76,-248.035 -45.295 0.000,-252.793 -45.136 0.000,72.28043613447666,-0.7332977452398468,76.73474001079663,4-1
12.5,1,Passenger Car,4.211,-147.041 -6.850 0.000,-151.119 -7.902 0.000,0.0,0.0,4.962846301111966,4-1
12.5,2,Passenger Car,4.211,-154.292 -4.957 0.000,-158.263 -6.358 0.000,23.01502563787209,-2.318176549598751,9.89356475125743,4-2
12.5,4,Passenger Car,4.012,-176.329 -21.008 0.000,-179.673 -23.224 0.000,40.02509512105123,-2.3788337758044107,15.38713913154767,4-1
12.5,5,Passenger Car,4.211,-180.369 -21.004 0.000,-183.716 -23.559 0.000,42.13637400911837,-2.4562845113603156,30.89851288405346,4-2
12.5,6,Passenger Car,4.76,-246.020 -45.357 0.000,-250.778 -45.202 0.000,71.81329306415317,-0.8847386527217984,75.88672632516314,4-1
12.6,1,Passenger Car,4.211,-147.041 -6.850 0.000,-151.119 -7.902 0.000,0.0,0.0,4.962846301111966,4-1
12.6,2,Passenger Car,4.211,-153.660 -4.819 0.000,-157.657 -6.142 0.000,21.79102563787209,-2.318176549598751,9.237258483538767,4-2
12.6,4,Passenger Car,4.012,-175.430 -20.394 0.000,-178.767 -22.622 0.000,38.84201389532915,-2.240679047172761,15.100483852292598,4-1
12.6,5,Passenger Car,4.211,-179.485 -20.246 0.000,-182.796 -22.849 0.000,40.82452445845599,-2.4845578961986754,30.366351524164116,4-2
12.6,6,Passenger Car,4.76,-244.017 -45.402 0.000,-248.775 -45.264 0.000,71.34207888699973,-0.8924490648003264,75.0146775492145,4-1
12.7,1,Passenger Car,4.211,-147.041 -6.850 0.000,-151.119 -7.902 0.000,0.0,0.0,4.962846301111966,4-1
12.7,2,Passenger Car,4.211,-153.063 -4.685 0.000,-157.080 -5.949 0.000,20.56702563787209,-2.318176549598751,8.614952215820097,4-2
12.7,4,Passenger Car,4.012,-174.558 -19.799 0.000,-177.889 -22.035 0.000,37.73201743109446,-2.102261252881049,14.819210767742419,4-1
12.7,5,Passenger Car,4.211,-178.629 -19.512 0.000,-181.912 -22.149 0.000,39.49869275813612,-2.5110391800622294,29.83642309094425,4-2
12.7,6,Passenger Car,4.76,-242.026 -45.447 0.000,-246.784 -45.320 0.000,70.87037815206509,-0.8933705736551952,74.12178500845377,4-1
12.8,1,Passenger Car,4.211,-147.041 -6.850 0.000,-151.119 -7.902 0.000,0.0,0.0,4.962846301111966,4-1
12.8,2,Passenger Car,4.211,-152.502 -4.557 0.000,-156.533 -5.775 0.000,19.343025637872092,-2.318176549598751,8.026645948101418,4-2
12.8,4,Passenger Car,4.012,-173.710 -19.220 0.000,-177.037 -21.462 0.000,36.69523555587825,-1.963597573672576,14.543291674786133,4-1
12.8,5,Passenger Car,4.211,-177.801 -18.799 0.000,-181.063 -21.463 0.000,38.159784713464376,-2.5358049274731655,29.3091291195436,4-2
12.8,6,Passenger Car,4.76,-240.046 -45.494 0.000,-244.804 -45.372 0.000,70.40192181346212,-0.887225897598296,73.21014020688932,4-1
12.9,1,Passenger Car,4.211,-147.041 -6.850 0.000,-151.119 -7.902 0.000,0.0,0.0,4.962846301111966,4-1
12.9,2,Passenger Car,4.211,-151.976 -4.435 0.000,-156.017 -5.618 0.000,18.11902563787209,-2.318176549598751,7.47233968038276,4-2
12.9,4,Passenger Car,4.012,-172.884 -18.658 0.000,-176.208 -20.903 0.000,35.73178941753959,-1.824704448282815,14.272694638000033,4-1
12.9,5,Passenger Car,4.211,-177.003 -18.108 0.000,-180.247 -20.794 0.000,36.80866712228566,-2.5589290160300977,28.784845422378922,4-2
12.9,6,Passenger Car,4.76,-238.077 -45.541 0.000,-242.836 -45.422 0.000,69.94029465926478,-0.8742918656195,72.28173677663162,4-1
13.0,1,Passenger Car,4.211,-147.041 -6.850 0.000,-151.119 -7.902 0.000,0.0,0.0,4.962846301111966,4-1
13.0,2,Passenger Car,4.211,-151.484 -4.320 0.000,-155.534 -5.474 0.000,16.89502563787209,-2.318176549598751,6.952033412664093,4-2
13.0,4,Passenger Car,4.012,-172.081 -18.111 0.000,-175.404 -20.360 0.000,34.680364076228436,-1.9913313479423018,14.00526609487521,4-1
13.0,5,Passenger Car,4.211,-176.202 -17.489 0.000,-179.466 -20.150 0.000,35.44616915111531,-2.580482717028576,28.26392319237884,4-2
13.0,6,Passenger Car,4.76,-236.120 -45.589 0.000,-240.878 -45.470 0.000,69.48894014511515,-0.8548361521709452,71.3384702280301,4-1
13.1,1,Passenger Car,4.211,-147.041 -6.850 0.000,-151.119 -7.902 0.000,0.0,0.0,4.962846301111966,4-1
13.1,2,Passenger Car,4.211,-151.027 -4.212 0.000,-155.083 -5.344 0.000,15.671025637872091,-2.318176549598751,6.465727144945419,4-2
13.1,4,Passenger Car,4.012,-171.303 -17.581 0.000,-174.624 -19.832 0.000,33.55043763488226,-2.1400073358662386,13.739091285569259,4-1
13.1,5,Passenger Car,4.211,-175.455 -16.855 0.000,-178.707 -19.530 0.000,34.07308366977402,-2.600534774052212,27.746690067411393,4-2
13.1,6,Passenger Car,4.76,-234.175 -45.637 0.000,-238.934 -45.519 0.000,68.88029377936235,-1.1527367092211243,70.3798996542716,4-1
13.2,1,Passenger Car,4.211,-147.041 -6.850 0.000,-151.119 -7.902 0.000,0.0,0.0,4.962846301111966,4-1
13.2,2,Passenger Car,4.211,-150.605 -4.111 0.000,-154.666 -5.227 0.000,14.447025637872093,-2.318176549598751,6.013420877226736,4-2
13.2,4,Passenger Car,4.012,-170.551 -17.070 0.000,-173.872 -19.322 0.000,32.342443531872064,-2.2878624196501574,13.47448243651283,4-1
13.2,5,Passenger Car,4.211,-174.739 -16.243 0.000,-177.981 -18.931 0.000,32.69016854557795,-2.619151479572535,27.233451157062163,4-2
13.2,6,Passenger Car,4.76,-232.248 -45.686 0.000,-237.007 -45.567 0.000,68.12784285308342,-1.4250932124376394,69.40575476241926,4-1
13.3,1,Passenger Car,4.211,-147.041 -6.850 0.000,-151.119 -7.902 0.000,0.0,0.0,4.962846301111966,4-1
13.3,2,Passenger Car,4.211,-150.217 -4.019 0.000,-154.282 -5.120 0.000,13.223025637872093,-2.318176549598751,5.595114609508073,4-2
13.3,4,Passenger Car,4.012,-169.828 -16.578 0.000,-173.148 -18.831 0.000,31.056796350524213,-2.434932309524774,13.21161411384061,4-1
13.3,5,Passenger Car,4.211,-174.055 -15.653 0.000,-177.285 -18.354 0.000,31.298147898115438,-2.6363967495954674,26.72449003290093,4-2
13.3,6,Passenger Car,4.76,-230.342 -45.736 0.000,-235.101 -45.615 0.000,67.23534513315722,-1.6903327491039726,68.41804288095133,4-1
13.4,1,Passenger Car,4.211,-147.041 -6.850 0.000,-151.119 -7.902 0.000,0.0,0.0,4.962846301111966,4-1
13.4,2,Passenger Car,4.211,-149.864 -3.934 0.000,-153.931 -5.024 0.000,11.999025637872093,-2.318176549598751,5.210808341789402,4-2
13.4,4,Passenger Car,4.012,-169.135 -16.107 0.000,-172.454 -18.360 0.000,29.69389248870211,-2.581251447576445,12.950649105608207,4-1
13.4,5,Passenger Car,4.211,-173.402 -15.084 0.000,-176.622 -17.798 0.000,29.897713315621786,-2.652332196392082,26.220069683346082,4-2
13.4,6,Passenger Car,4.76,-228.473 -45.686 0.000,-233.233 -45.648 0.000,66.20640969207898,-1.9487369367309024,67.41854360173127,4-1
13.5,1,Passenger Car,4.211,-147.041 -6.850 0.000,-151.119 -7.902 0.000,0.0,0.0,4.962846301111966,4-1
13.5,2,Passenger Car,4.211,-149.545 -3.857 0.000,-153.615 -4.938 0.000,10.775025637872094,-2.318176549598751,4.860502074070723,4-2
13.5,4,Passenger Car,4.012,-168.472 -15.656 0.000,-171.791 -17.910 0.000,28.43453536605016,-2.3851406448545114,12.694106339775516,4-1
13.5,5,Passenger Car,4.211,-172.782 -14.536 0.000,-175.989 -17.264 0.000,28.489525033943764,-2.6670171993510996,25.720433434207294,4-2
13.5,6,Passenger Car,4.76,-226.637 -45.624 0.000,-231.397 -45.651 0.000,65.04450186913034,-2.200577996695153,66.4089454630367,4-1
13.6,1,Passenger Car,4.211,-147.041 -6.850 0.000,-151.119 -7.902 0.000,0.0,0.0,4.962846301111966,4-1
13.6,2,Passenger Car,4.211,-149.260 -3.788 0.000,-153.332 -4.862 0.000,9.551025637872094,-2.318176549598751,4.544195806352064,4-2
13.6,4,Passenger Car,4.012,-167.837 -15.224 0.000,-171.155 -17.478 0.000,27.264945855919816,-2.2151266135954697,12.444175351942562,4-1
13.6,5,Passenger Car,4.211,-172.193 -14.010 0.000,-175.389 -16.753 0.000,27.074213079066162,-2.6805089739902206,25.22580583595976,4-2
13.6,6,Passenger Car,4.76,-224.833 -45.568 0.000,-229.592 -45.634 0.000,63.94392748411583,-2.0844164464295027,65.39335541155813,4-1
13.7,1,Passenger Car,4.211,-147.041 -6.850 0.000,-151.119 -7.902 0.000,0.0,0.0,4.962846301111966,4-1
13.7,2,Passenger Car,4.211,-149.010 -3.728 0.000,-153.083 -4.796 0.000,8.327025637872095,-2.318176549598751,4.2618895386333975,4-2
13.7,4,Passenger Car,4.012,-167.227 -14.809 0.000,-170.546 -17.064 0.000,26.173305072561664,-2.067496784776531,12.200390968774315,4-1
13.7,5,Passenger Car,4.211,-171.638 -13.506 0.000,-174.819 -16.264 0.000,25.652378374152825,-2.6928626391632013,24.736393518775515,4-2
13.7,6,Passenger Car,4.76,-223.106 -44.982 0.000,-227.834 -45.534 0.000,62.89247336030057,-1.9913858601367929,64.37545335417929,4-1
13.8,1,Passenger Car,4.211,-147.041 -6.850 0.000,-151.119 -7.902 0.000,0.0,0.0,4.962846301111966,4-1
13.8,2,Passenger Car,4.211,-148.794 -3.675 0.000,-152.868 -4.739 0.000,7.103025637872094,-2.318176549598751,4.013583270914722,4-2
13.8,4,Passenger Car,4.012,-166.642 -14.411 0.000,-169.960 -16.666 0.000,25.157140274598962,-1.924550167618368,11.962456273113531,4-1
13.8,5,Passenger Car,4.211,-171.079 -13.080 0.000,-174.289 -15.805 0.000,24.224593812035724,-2.7041312824991697,24.252386016310595,4-2
13.8,6,Passenger Car,4.76,-221.410 -44.434 0.000,-226.093 -45.283 0.000,61.87993806204605,-1.9176761307635664,63.35603460534686,4-1
13.9,1,Passenger Car,4.211,-147.041 -6.850 0.000,-151.119 -7.902 0.000,0.0,0.0,4.962846301111966,4-1
13.9,2,Passenger Car,4.211,-148.612 -3.631 0.000,-152.687 -4.691 0.000,5.879025637872094,-2.318176549598751,3.799277003196039,4-2
13.9,4,Passenger Car,4.012,-166.078 -14.028 0.000,-169.397 -16.283 0.000,24.216455731272966,-1.7815954647943955,11.73024036618014,4-1
13.9,5,Passenger Car,4.211,-170.523 -12.725 0.000,-173.792 -15.380 0.000,22.791405294066195,-2.71436602411042,23.773956559221105,4-2
13.9,6,Passenger Car,4.76,-219.740 -43.917 0.000,-224.387 -44.946 0.000,60.905947255166325,-1.8446753660403354,62.33600729874706,4-1
14.0,1,Passenger Car,4.211,-147.041 -6.850 0.000,-151.119 -7.902 0.000,0.0,0.0,4.962846301111966,4-1
14.0,2,Passenger Car,4.211,-148.464 -3.595 0.000,-152.540 -4.653 0.000,4.655025637872094,-2.318176549598751,3.618970735477376,4-2
14.0,4,Passenger Car,4.012,-165.538 -13.661 0.000,-168.856 -15.916 0.000,23.14496522389341,-2.0293334700367236,11.500939884432029,4-1
14.0,5,Passenger Car,4.211,-170.003 -12.389 0.000,-173.315 -14.990 0.000,21.353332736223717,-2.7236160786045125,23.30126283935502,4-2
14.0,6,Passenger Car,4.76,-218.093 -43.421 0.000,-222.716 -44.559 0.000,59.972662321553734,-1.7675810843092563,61.3163921694229,4-1
14.1,1,Passenger Car,4.211,-147.041 -6.850 0.000,-151.119 -7.902 0.000,0.0,0.0,4.962846301111966,4-1
14.1,2,Passenger Car,4.211,-148.351 -3.568 0.000,-152.428 -4.623 0.000,3.4310256378720934,-2.318176549598751,3.4726644677587046,4-2
14.1,4,Passenger Car,4.012,-165.024 -13.311 0.000,-168.342 -15.566 0.000,21.957478683463382,-2.2490224272786348,11.272097912634337,4-1
14.1,5,Passenger Car,4.211,-169.519 -12.074 0.000,-172.863 -14.633 0.000,19.91087104335883,-2.731928815436188,22.834447745541894,4-2
14.1,6,Passenger Car,4.76,-216.473 -42.942 0.000,-221.079 -44.146 0.000,58.86379690629833,-2.100119119531178,60.29532010523464,4-1
14.2,1,Passenger Car,4.211,-147.041 -6.850 0.000,-151.119 -7.902 0.000,0.0,0.0,4.962846301111966,4-1
14.2,2,Passenger Car,4.211,-148.272 -3.548 0.000,-152.349 -4.602 0.000,2.207025637872093,-2.318176549598751,3.360358200040025,4-2
14.2,4,Passenger Car,4.012,-164.542 -12.983 0.000,-167.860 -15.239 0.000,20.265468529414967,-3.2045574026127457,11.039001646090838,4-1
14.2,5,Passenger Car,4.211,-169.070 -11.779 0.000,-172.439 -14.306 0.000,18.46449105242819,-2.7393498176342055,22.373640071877475,4-2
14.2,6,Passenger Car,4.76,-214.885 -42.477 0.000,-219.479 -43.722 0.000,57.59750842507207,-2.3982681880765786,59.271236559116645,4-1
14.3,1,Passenger Car,4.211,-147.041 -6.850 0.000,-151.119 -7.902 0.000,0.0,0.0,4.962846301111966,4-1
14.3,2,Passenger Car,4.211,-148.228 -3.537 0.000,-152.305 -4.591 0.000,0.983025637872093,-2.318176549598751,3.282051932321366,4-2
14.3,4,Passenger Car,4.012,-164.096 -12.680 0.000,-167.414 -14.936 0.000,18.804197110522523,-2.7675532155844413,10.806656028758738,4-1
14.3,5,Passenger Car,4.211,-168.656 -11.506 0.000,-172.044 -14.007 0.000,17.014640445561504,-2.745922938937801,21.91895519937688,4-2
14.3,6,Passenger Car,4.76,-213.337 -42.028 0.000,-217.925 -43.298 0.000,55.7648852941445,-3.4708692535690653,58.24014825191537,4-1
14.4,1,Passenger Car,4.211,-147.041 -6.850 0.000,-151.119 -7.902 0.000,0.0,0.0,4.962846301111966,4-1
14.4,2,Passenger Car,4.211,-148.217 -3.535 0.000,-152.294 -4.588 0.000,0.0,-2.318176549598751,3.2377456646026985,4-2
14.4,4,Passenger Car,4.012,-163.682 -12.398 0.000,-167.000 -14.654 0.000,17.54087382194775,-2.3926523056666804,10.584456416932426,4-1
14.4,5,Passenger Car,4.211,-168.276 -11.254 0.000,-171.678 -13.735 0.000,15.561744633781966,-2.7516903593771014,21.470495751845704,4-2
14.4,6,Passenger Car,4.76,-211.837 -41.594 0.000,-216.420 -42.879 0.000,54.147392933631295,-3.0634255386412064,57.20830480636984,4-1
14.5,1,Passenger Car,4.211,-147.041 -6.850 0.000,-151.119 -7.902 0.000,0.0,0.0,4.962846301111966,4-1
14.5,2,Passenger Car,4.211,-148.217 -3.535 0.000,-152.294 -4.588 0.000,0.0,0.0,3.226780484356766,4-2
14.5,4,Passenger Car,4.012,-163.294 -12.135 0.000,-166.612 -14.390 0.000,16.446674633771348,-2.0723422374350715,10.37124352811179,4-1
14.5,5,Passenger Car,4.211,-167.931 -11.024 0.000,-171.344 -13.490 0.000,14.12020784603824,-2.7301771051727277,21.02901113932299,4-2
14.5,6,Passenger Car,4.76,-210.377 -41.173 0.000,-214.958 -42.468 0.000,52.71160690596054,-2.7192855388789994,56.18653803837948,4-1
14.6,1,Passenger Car,4.211,-147.041 -6.850 0.000,-151.119 -7.902 0.000,0.0,0.0,4.962846301111966,4-1
14.6,2,Passenger Car,4.211,-148.217 -3.535 0.000,-152.294 -4.588 0.000,0.0,0.0,3.226780484356766,4-2
14.6,4,Passenger Car,4.012,-162.925 -11.898 0.000,-166.250 -14.143 0.000,15.496461417827145,-1.799642152222765,10.166014070067405,4-1
14.6,5,Passenger Car,4.211,-167.604 -10.806 0.000,-171.026 -13.259 0.000,13.971439215743738,-0.28175812913777604,20.616761799325474,4-2
14.6,6,Passenger Car,4.76,-208.988 -40.675 0.000,-213.543 -42.059 0.000,51.428321289686885,-2.430459658564508,55.17443454693681,4-1
14.7,1,Passenger Car,4.211,-147.041 -6.850 0.000,-151.119 -7.902 0.000,0.0,0.0,4.962846301111966,4-1
14.7,2,Passenger Car,4.211,-148.217 -3.535 0.000,-152.294 -4.588 0.000,0.0,0.0,3.226780484356766,4-2
14.7,4,Passenger Car,4.012,-162.540 -11.759 0.000,-165.925 -13.913 0.000,14.668460726873377,-1.5681795627619213,9.967905169959579,4-1
14.7,5,Passenger Car,4.211,-167.281 -10.590 0.000,-170.711 -13.032 0.000,13.817253342475427,-0.29201803569444695,20.226600034578496,4-2
14.7,6,Passenger Car,4.76,-207.699 -40.012 0.000,-212.179 -41.622 0.000,50.27224144879252,-2.1895401769813536,54.171701322713886,4-1
14.8,1,Passenger Car,4.211,-147.041 -6.850 0.000,-151.119 -7.902 0.000,0.0,0.0,4.962846301111966,4-1
14.8,2,Passenger Car,4.211,-148.217 -3.535 0.000,-152.294 -4.588 0.000,0.0,0.0,3.226780484356766,4-2
14.8,4,Passenger Car,4.012,-162.177 -11.625 0.000,-165.609 -13.703 0.000,13.943925598005054,-1.3722225041691625,9.776178776571072,4-1
14.8,5,Passenger Car,4.211,-166.962 -10.376 0.000,-170.399 -12.808 0.000,13.658115903577569,-0.3013959795884138,19.840645971269907,4-2
14.8,6,Passenger Car,4.76,-206.434 -39.379 0.000,-210.859 -41.135 0.000,49.22163490328825,-1.989780601832475,53.1781507589114,4-1
14.9,1,Passenger Car,4.211,-147.041 -6.850 0.000,-151.119 -7.902 0.000,0.0,0.0,4.962846301111966,4-1
14.9,2,Passenger Car,4.211,-148.217 -3.535 0.000,-152.294 -4.588 0.000,0.0,0.0,3.226780484356766,4-2
14.9,4,Passenger Car,4.012,-161.833 -11.495 0.000,-165.303 -13.510 0.000,13.306798032014777,-1.2066782537431295,9.590206592782152,4-1
14.9,5,Passenger Car,4.211,-166.646 -10.164 0.000,-170.090 -12.588 0.000,13.49447075151276,-0.3099332957288906,19.45904362063027,4-2
14.9,6,Passenger Car,4.76,-205.192 -38.769 0.000,-209.578 -40.618 0.000,48.257965317020705,-1.8251276441559956,52.1936856196447,4-1
15.0,1,Passenger Car,4.211,-147.041 -6.850 0.000,-151.119 -7.902 0.000,0.0,0.0,4.962846301111966,4-1
15.0,2,Passenger Car,4.211,-148.217 -3.535 0.000,-152.294 -4.588 0.000,0.0,0.0,3.226780484356766,4-2
15.0,4,Passenger Car,4.012,-161.533 -11.381 0.000,-165.031 -13.346 0.000,10.551324424524422,-5.218688153531381,9.377369827406767,4-1
15.0,5,Passenger Car,4.211,-166.335 -9.955 0.000,-169.783 -12.372 0.000,13.326740724940164,-0.31766978289555947,19.081924361531804,4-2
15.0,6,Passenger Car,4.76,-203.971 -38.176 0.000,-208.331 -40.087 0.000,47.36552829251215,-1.6902177959227291,51.218284555890676,4-1
15.1,1,Passenger Car,4.211,-147.041 -6.850 0.000,-151.119 -7.902 0.000,0.0,0.0,4.962846301111966,4-1
15.1,2,Passenger Car,4.211,-148.217 -3.535 0.000,-152.294 -4.588 0.000,0.0,0.0,3.226780484356766,4-2
15.1,4,Passenger Car,4.012,-161.298 -11.291 0.000,-164.816 -13.220 0.000,8.104516204457237,-4.6340959453637325,9.142257464978798,4-1
15.1,5,Passenger Car,4.211,-166.028 -9.748 0.000,-169.481 -12.159 0.000,13.155328434170553,-0.32464375226725095,18.70940753546995,4-2
15.1,6,Passenger Car,4.76,-202.793 -37.608 0.000,-207.134 -39.559 0.000,44.857641920584726,-4.74977400037619,50.22154328987688,4-1
15.2,1,Passenger Car,4.211,-147.041 -6.850 0.000,-151.119 -7.902 0.000,0.0,0.0,4.962846301111966,4-1
15.2,2,Passenger Car,4.211,-148.217 -3.535 0.000,-152.294 -4.588 0.000,0.0,0.0,3.226780484356766,4-2
15.2,4,Passenger Car,4.012,-161.119 -11.222 0.000,-164.651 -13.125 0.000,6.125896737112957,-3.7473768380531727,8.92358483478742,4-1
15.2,5,Passenger Car,4.211,-165.725 -9.543 0.000,-169.181 -11.949 0.000,12.980617021686024,-0.3308920746478027,18.341601019371183,4-2
15.2,6,Passenger Car,4.76,-201.677 -37.073 0.000,-206.007 -39.051 0.000,42.34072715771836,-4.766873186777544,49.19977482343083,4-1
15.3,1,Passenger Car,4.211,-147.041 -6.850 0.000,-151.119 -7.902 0.000,0.0,0.0,4.962846301111966,4-1
15.3,2,Passenger Car,4.211,-148.217 -3.535 0.000,-152.294 -4.588 0.000,0.0,0.0,3.226780484356766,4-2
15.3,4,Passenger Car,4.012,-160.985 -11.170 0.000,-164.527 -13.055 0.000,4.572907043443392,-2.941261674537038,8.728970954250912,4-1
15.3,5,Passenger Car,4.211,-165.426 -9.342 0.000,-168.886 -11.743 0.000,12.80297089839767,-0.33645022641682365,17.97860177692874,4-2
15.3,6,Passenger Car,4.76,-200.624 -36.570 0.000,-204.945 -38.566 0.000,39.92435544155411,-4.576451182618999,48.186330988198435,4-1
15.4,1,Passenger Car,4.211,-147.041 -6.850 0.000,-151.119 -7.902 0.000,0.0,0.0,4.962846301111966,4-1
15.4,2,Passenger Car,4.211,-148.217 -3.535 0.000,-152.294 -4.588 0.000,0.0,0.0,3.226780484356766,4-2
15.4,4,Passenger Car,4.012,-160.871 -11.126 0.000,-164.421 -12.995 0.000,4.544571987386429,-0.0536647569304048,8.58037645729874,4-1
15.4,5,Passenger Car,4.211,-165.132 -9.143 0.000,-168.594 -11.539 0.000,12.622736456299997,-0.3413523342327103,17.620496389149793,4-2
15.4,6,Passenger Car,4.76,-199.627 -36.095 0.000,-203.943 -38.102 0.000,37.94790651695991,-3.7432659709754468,47.19235489349404,4-1
15.5,1,Passenger Car,4.211,-147.041 -6.850 0.000,-151.119 -7.902 0.000,0.0,0.0,4.962846301111966,4-1
15.5,2,Passenger Car,4.211,-148.217 -3.535 0.000,-152.294 -4.588 0.000,0.0,0.0,3.226780484356766,4-2
15.5,4,Passenger Car,4.012,-160.755 -11.080 0.000,-164.312 -12.936 0.000,4.70494746663964,0.3037407476596837,8.456259182951413,4-1
15.5,5,Passenger Car,4.211,-164.841 -8.946 0.000,-168.306 -11.340 0.000,12.44024275816664,-0.34563121851495116,17.26736156477898,4-2
15.5,6,Passenger Car,4.76,-198.659 -35.634 0.000,-202.971 -37.650 0.000,37.57472544288963,-0.7067807309344754,46.23742735283177,4-1
15.6,1,Passenger Car,4.211,-147.041 -6.850 0.000,-151.119 -7.902 0.000,0.0,0.0,4.962846301111966,4-1
15.6,2,Passenger Car,4.211,-148.217 -3.535 0.000,-152.294 -4.588 0.000,0.0,0.0,3.226780484356766,4-2
15.6,4,Passenger Car,4.012,-160.634 -11.033 0.000,-164.198 -12.873 0.000,5.014947179985375,0.5871193348532842,8.337341431878372,4-1
15.6,5,Passenger Car,4.211,-164.555 -8.753 0.000,-168.022 -11.143 0.000,12.255802204917783,-0.3493184357324479,16.919264631244715,4-2
15.6,6,Passenger Car,4.76,-197.698 -35.178 0.000,-202.008 -37.200 0.000,37.38806462796937,-0.3535234672198792,45.31696745691755,4-1
15.7,1,Passenger Car,4.211,-147.041 -6.850 0.000,-151.119 -7.902 0.000,0.0,0.0,4.962846301111966,4-1
15.7,2,Passenger Car,4.211,-148.217 -3.535 0.000,-152.294 -4.588 0.000,0.0,0.0,3.226780484356766,4-2
15.7,4,Passenger Car,4.012,-160.503 -10.981 0.000,-164.075 -12.807 0.000,5.442933617864108,0.8105785325463897,8.222520200291115,4-1
15.7,5,Passenger Car,4.211,-164.221 -8.635 0.000,-167.745 -10.941 0.000,12.06971118127582,-0.3524443195242046,16.57626400675744,4-2
15.7,6,Passenger Car,4.76,-196.780 -34.663 0.000,-201.056 -36.753 0.000,37.347212910068954,-0.07737050199965664,44.41081613158096,4-1
15.8,1,Passenger Car,4.211,-147.041 -6.850 0.000,-151.119 -7.902 0.000,0.0,0.0,4.962846301111966,4-1
15.8,2,Passenger Car,4.211,-148.217 -3.535 0.000,-152.294 -4.588 0.000,0.0,0.0,3.226780484356766,4-2
15.8,4,Passenger Car,4.012,-160.360 -10.925 0.000,-163.940 -12.736 0.000,5.963313046258241,0.9855648593111788,8.110926613800075,4-1
15.8,5,Passenger Car,4.211,-163.893 -8.518 0.000,-167.466 -10.748 0.000,11.882250680311994,-0.35503802067841206,16.23840965417142,4-2
15.8,6,Passenger Car,4.76,-195.938 -34.029 0.000,-200.123 -36.296 0.000,37.41940183136662,0.13672113112180762,43.518074510189436,4-1
15.9,1,Passenger Car,4.211,-147.041 -6.850 0.000,-151.119 -7.902 0.000,0.0,0.0,4.962846301111966,4-1
15.9,2,Passenger Car,4.211,-148.217 -3.535 0.000,-152.294 -4.588 0.000,0.0,0.0,3.226780484356766,4-2
15.9,4,Passenger Car,4.012,-160.204 -10.863 0.000,-163.792 -12.658 0.000,6.5565258623571046,1.123506567975343,8.001895246491387,4-1
15.9,5,Passenger Car,4.211,-163.573 -8.401 0.000,-167.185 -10.564 0.000,11.693686907473275,-0.3571275459955751,15.905743517204911,4-2
15.9,6,Passenger Car,4.76,-195.089 -33.404 0.000,-199.204 -35.797 0.000,37.578298608552636,0.3009401819276388,42.638069398004546,4-1
16.0,1,Passenger Car,4.211,-147.041 -6.850 0.000,-151.119 -7.902 0.000,0.0,0.0,4.962846301111966,4-1
16.0,2,Passenger Car,4.211,-148.217 -3.535 0.000,-152.294 -4.588 0.000,0.0,0.0,3.226780484356766,4-2
16.0,4,Passenger Car,4.012,-160.032 -10.794 0.000,-163.628 -12.573 0.000,7.2226053563752775,1.2615113261450412,7.895131287556467,4-1
16.0,5,Passenger Car,4.211,-163.258 -8.284 0.000,-166.905 -10.389 0.000,11.50427186466531,-0.3587397960610051,15.578299939596775,4-2
16.0,6,Passenger Car,4.76,-194.233 -32.782 0.000,-198.293 -35.266 0.000,37.803980172934665,0.4274262338457453,41.77032132118089,4-1
16.1,1,Passenger Car,4.211,-147.041 -6.850 0.000,-151.119 -7.902 0.000,0.0,0.0,4.962846301111966,4-1
16.1,2,Passenger Car,4.211,-148.217 -3.535 0.000,-152.294 -4.588 0.000,0.0,0.0,3.226780484356766,4-2
16.1,4,Passenger Car,4.012,-159.844 -10.719 0.000,-163.448 -12.481 0.000,7.884744906585063,1.2540493283155159,7.789602922444573,4-1
16.1,5,Passenger Car,4.211,-162.950 -8.168 0.000,-166.626 -10.221 0.000,11.314243914954137,-0.35990060195161133,15.256106067761522,4-2
16.1,6,Passenger Car,4.76,-193.368 -32.162 0.000,-197.388 -34.711 0.000,38.09726992137353,0.5554717459711512,40.914722049475955,4-1
16.2,1,Passenger Car,4.211,-147.041 -6.850 0.000,-151.119 -7.902 0.000,0.0,0.0,4.962846301111966,4-1
16.2,2,Passenger Car,4.211,-148.217 -3.535 0.000,-152.294 -4.588 0.000,0.0,0.0,3.226780484356766,4-2
16.2,4,Passenger Car,4.012,-159.664 -10.647 0.000,-163.275 -12.395 0.000,6.549409497099433,-2.5290385883320523,7.658176000149183,4-1
16.2,5,Passenger Car,4.211,-162.647 -8.053 0.000,-166.349 -10.060 0.000,11.123828328436401,-0.3606347609015559,14.939182237489035,4-2
16.2,6,Passenger Car,4.76,-192.494 -31.540 0.000,-196.484 -34.137 0.000,38.37761606459105,0.5309573978572703,40.070362329596136,4-1
16.3,1,Passenger Car,4.211,-147.041 -6.850 0.000,-151.119 -7.902 0.000,0.0,0.0,4.962846301111966,4-1
16.3,2,Passenger Car,4.211,-148.217 -3.535 0.000,-152.294 -4.588 0.000,0.0,0.0,3.226780484356766,4-2
16.3,4,Passenger Car,4.012,-159.517 -10.588 0.000,-163.134 -12.324 0.000,5.215720520526312,-2.525920351266477,7.502479317158844,4-1
16.3,5,Passenger Car,4.211,-162.350 -7.939 0.000,-166.073 -9.906 0.000,10.933237809815001,-0.3609660709509774,14.627542345219723,4-2
16.3,6,Passenger Car,4.76,-191.637 -30.934 0.000,-195.604 -33.564 0.000,36.53575735226523,-3.488360845251532,39.208685502064455,4-1
16.4,1,Passenger Car,4.211,-147.041 -6.850 0.000,-151.119 -7.902 0.000,0.0,0.0,4.962846301111966,4-1
16.4,2,Passenger Car,4.211,-148.217 -3.535 0.000,-152.294 -4.588 0.000,0.0,0.0,3.226780484356766,4-2
16.4,4,Passenger Car,4.012,-159.404 -10.542 0.000,-163.025 -12.270 0.000,3.8955248960255737,-2.5003648183010547,7.350707787418656,4-1
16.4,5,Passenger Car,4.211,-162.059 -7.825 0.000,-165.801 -9.758 0.000,10.742673008204516,-0.3609173646016054,14.321194204410688,4-2
16.4,6,Passenger Car,4.76,-190.821 -30.359 0.000,-194.773 -33.013 0.000,34.693444795825954,-3.4892203965431756,38.331626565964044,4-1
16.5,1,Passenger Car,4.211,-147.041 -6.850 0.000,-151.119 -7.902 0.000,0.0,0.0,4.962846301111966,4-1
16.5,2,Passenger Car,4.211,-148.217 -3.535 0.000,-152.294 -4.588 0.000,0.0,0.0,3.226780484356766,4-2
16.5,4,Passenger Car,4.012,-159.308 -10.503 0.000,-162.931 -12.225 0.000,3.8576543096948854,-0.07172443231319925,7.2241627121887575,4-1
16.5,5,Passenger Car,4.211,-161.774 -7.713 0.000,-165.531 -9.614 0.000,10.552323009678428,-0.3605105415027222,14.020139887493741,4-2
16.5,6,Passenger Car,4.76,-190.046 -29.815 0.000,-193.987 -32.486 0.000,32.863849395145735,-3.465134929011949,37.46887716691489,4-1
16.6,1,Passenger Car,4.211,-147.041 -6.850 0.000,-151.119 -7.902 0.000,0.0,0.0,4.962846301111966,4-1
16.6,2,Passenger Car,4.211,-148.217 -3.535 0.000,-152.294 -4.588 0.000,0.0,0.0,3.226780484356766,4-2
16.6,4,Passenger Car,4.012,-159.212 -10.464 0.000,-162.839 -12.179 0.000,3.8181036277685174,-0.07490642431564225,7.116479667664862,4-1
16.6,5,Passenger Car,4.211,-161.494 -7.603 0.000,-165.265 -9.476 0.000,10.362365813057913,-0.35976660019052104,13.724376053912039,4-2
16.6,6,Passenger Car,4.76,-189.297 -29.290 0.000,-193.229 -31.973 0.000,32.3905970143752,-0.896309290150337,36.63826445878641,4-1
16.7,1,Passenger Car,4.211,-147.041 -6.850 0.000,-151.119 -7.902 0.000,0.0,0.0,4.962846301111966,4-1
16.7,2,Passenger Car,4.211,-148.217 -3.535 0.000,-152.294 -4.588 0.000,0.0,0.0,3.226780484356766,4-2
16.7,4,Passenger Car,4.012,-159.118 -10.426 0.000,-162.747 -12.135 0.000,3.777009006425147,-0.07783054535362857,7.009871918533435,4-1
16.7,5,Passenger Car,4.211,-161.220 -7.494 0.000,-165.003 -9.343 0.000,10.172968789430021,-0.3587056689035817,13.433894264707362,4-2
16.7,6,Passenger Car,4.76,-188.559 -28.774 0.000,-192.485 -31.465 0.000,31.91202989230593,-0.9063750651878716,35.83856045223004,4-1
16.8,1,Passenger Car,4.211,-147.041 -6.850 0.000,-151.119 -7.902 0.000,0.0,0.0,4.962846301111966,4-1
16.8,2,Passenger Car,4.211,-148.217 -3.535 0.000,-152.294 -4.588 0.000,0.0,0.0,3.226780484356766,4-2
16.8,4,Passenger Car,4.012,-159.024 -10.388 0.000,-162.657 -12.091 0.000,3.734500316802596,-0.08050869888657716,6.90438424305853,4-1
16.8,5,Passenger Car,4.211,-160.950 -7.386 0.000,-164.744 -9.213 0.000,9.9842891258713,-0.35734703549673735,13.14868128411726,4-2
16.8,6,Passenger Car,4.76,-187.822 -28.286 0.000,-191.756 -30.965 0.000,31.428938478725513,-0.9149437796361413,35.05095608733437,4-1
16.9,1,Passenger Car,4.211,-147.041 -6.850 0.000,-151.119 -7.902 0.000,0.0,0.0,4.962846301111966,4-1
16.9,2,Passenger Car,4.211,-148.217 -3.535 0.000,-152.294 -4.588 0.000,0.0,0.0,3.226780484356766,4-2
16.9,4,Passenger Car,4.012,-158.932 -10.351 0.000,-162.567 -12.048 0.000,3.6907013765165377,-0.08295234989249581,6.800057724680357,4-1
16.9,5,Passenger Car,4.211,-160.686 -7.280 0.000,-164.489 -9.088 0.000,9.796474253841334,-0.35570917647529005,12.868719368626955,4-2
16.9,6,Passenger Car,4.76,-187.080 -27.839 0.000,-191.042 -30.477 0.000,30.94207206533157,-0.9220933842459922,34.275546933892656,4-1
17.0,1,Passenger Car,4.211,-147.041 -6.850 0.000,-151.119 -7.902 0.000,0.0,0.0,4.962846301111966,4-1
17.0,2,Passenger Car,4.211,-148.217 -3.535 0.000,-152.294 -4.588 0.000,0.0,0.0,3.226780484356766,4-2
17.0,4,Passenger Car,4.012,-158.841 -10.313 0.000,-162.478 -12.006 0.000,3.645730173920412,-0.08517253861568073,6.6969299233842605,4-1
17.0,5,Passenger Car,4.211,-160.428 -7.175 0.000,-164.239 -8.967 0.000,9.609662262699251,-0.3538097851711003,12.593986543908727,4-2
17.0,6,Passenger Car,4.76,-186.351 -27.398 0.000,-190.334 -30.004 0.000,30.452140410289005,-0.927898752962233,33.51241069985463,4-1
17.1,1,Passenger Car,4.211,-147.041 -6.850 0.000,-151.119 -7.902 0.000,0.0,0.0,4.962846301111966,4-1
17.1,2,Passenger Car,4.211,-148.217 -3.535 0.000,-152.294 -4.588 0.000,0.0,0.0,3.226780484356766,4-2
17.1,4,Passenger Car,4.012,-158.751 -10.277 0.000,-162.391 -11.964 0.000,3.5996990852996436,-0.08717989394866701,6.595035040739305,4-1
17.1,5,Passenger Car,4.211,-160.174 -7.073 0.000,-163.992 -8.849 0.000,9.423982298785138,-0.35166579908173107,12.324456870067877,4-2
17.1,6,Passenger Car,4.76,-185.635 -26.962 0.000,-189.633 -29.544 0.000,29.959815308715676,-0.932431785331793,32.76160818700485,4-1
17.2,1,Passenger Car,4.211,-147.041 -6.850 0.000,-151.119 -7.902 0.000,0.0,0.0,4.962846301111966,4-1
17.2,2,Passenger Car,4.211,-148.217 -3.535 0.000,-152.294 -4.588 0.000,0.0,0.0,3.226780484356766,4-2
17.2,4,Passenger Car,4.012,-158.662 -10.240 0.000,-162.304 -11.923 0.000,3.5527150851892695,-0.08898464645605741,6.494404078805701,4-1
17.2,5,Passenger Car,4.211,-159.926 -6.971 0.000,-163.750 -8.734 0.000,9.2395549504973,-0.34929342639341854,12.060100695602813,4-2
17.2,6,Passenger Car,4.76,-184.931 -26.533 0.000,-188.941 -29.096 0.000,29.465732110639063,-0.9357615059901696,32.02318420839673,4-1
17.3,1,Passenger Car,4.211,-147.041 -6.850 0.000,-151.119 -7.902 0.000,0.0,0.0,4.962846301111966,4-1
17.3,2,Passenger Car,4.211,-148.217 -3.535 0.000,-152.294 -4.588 0.000,0.0,0.0,3.226780484356766,4-2
17.3,4,Passenger Car,4.012,-158.574 -10.205 0.000,-162.219 -11.883 0.000,3.5048799500000523,-0.09059664104781806,6.395064993104455,4-1
17.3,5,Passenger Car,4.211,-159.682 -6.872 0.000,-163.512 -8.623 0.000,9.056492619785518,-0.3467081717082893,11.800884900473903,4-2
17.3,6,Passenger Car,4.76,-184.239 -26.109 0.000,-188.258 -28.659 0.000,28.970491187930453,-0.9379541612947323,31.297168468829156,4-1
17.4,1,Passenger Car,4.211,-147.041 -6.850 0.000,-151.119 -7.902 0.000,0.0,0.0,4.962846301111966,4-1
17.4,2,Passenger Car,4.211,-148.217 -3.535 0.000,-152.294 -4.588 0.000,0.0,0.0,3.226780484356766,4-2
17.4,4,Passenger Car,4.012,-158.488 -10.169 0.000,-162.134 -11.843 0.000,3.4562904551342144,-0.09202534930950457,6.297042839837928,4-1
17.4,5,Passenger Car,4.211,-159.444 -6.774 0.000,-163.278 -8.515 0.000,8.874899880469878,-0.34392486099584735,11.546773128664427,4-2
17.4,6,Passenger Car,4.76,-183.559 -25.693 0.000,-187.586 -28.232 0.000,28.474659351687432,-0.9390733131724333,30.583576409615546,4-1
17.5,1,Passenger Car,4.211,-147.041 -6.850 0.000,-151.119 -7.902 0.000,0.0,0.0,4.962846301111966,4-1
17.5,2,Passenger Car,4.211,-148.217 -3.535 0.000,-152.294 -4.588 0.000,0.0,0.0,3.226780484356766,4-2
17.5,4,Passenger Car,4.012,-158.403 -10.134 0.000,-162.051 -11.804 0.000,3.4070385657680284,-0.09327988149683351,6.200359917544404,4-1
17.5,5,Passenger Car,4.211,-159.210 -6.679 0.000,-163.049 -8.409 0.000,8.694873823784416,-0.3409576657883759,11.297726010605317,4-2
17.5,6,Passenger Car,4.76,-182.892 -25.283 0.000,-186.923 -27.813 0.000,27.978771221500423,-0.9391799302482773,29.88241001885882,4-1
17.6,1,Passenger Car,4.211,-147.041 -6.850 0.000,-151.119 -7.902 0.000,0.0,0.0,4.962846301111966,4-1
17.6,2,Passenger Car,4.211,-148.217 -3.535 0.000,-152.294 -4.588 0.000,0.0,0.0,3.226780484356766,4-2
17.6,4,Passenger Car,4.012,-158.319 -10.100 0.000,-161.969 -11.766 0.000,3.3572116214746304,-0.09436899820189462,6.105035903365206,4-1
17.6,5,Passenger Car,4.211,-158.981 -6.585 0.000,-162.824 -8.307 0.000,8.516504391534584,-0.3378201266395453,11.053701375824005,4-2
17.6,6,Passenger Car,4.76,-182.236 -24.879 0.000,-186.272 -27.404 0.000,27.483330548004535,-0.9383324763199212,29.193658608410402,4-1
17.7,1,Passenger Car,4.211,-147.041 -6.850 0.000,-151.119 -7.902 0.000,0.0,0.0,4.962846301111966,4-1
17.7,2,Passenger Car,4.211,-148.217 -3.535 0.000,-152.294 -4.588 0.000,0.0,0.0,3.226780484356766,4-2
17.7,4,Passenger Car,4.012,-158.236 -10.066 0.000,-161.888 -11.728 0.000,3.3068925148566275,-0.09530112169821331,6.011087984097941,4-1
17.7,5,Passenger Car,4.211,-158.757 -6.492 0.000,-162.604 -8.207 0.000,8.339874697247582,-0.33452517586513214,10.814654456166807,4-2
17.7,6,Passenger Car,4.76,-181.593 -24.483 0.000,-185.631 -27.003 0.000,26.988811490084046,-0.936586996242602,28.51729955865676,4-1
17.8,1,Passenger Car,4.211,-147.041 -6.850 0.000,-151.119 -7.902 0.000,0.0,0.0,4.962846301111966,4-1
17.8,2,Passenger Car,4.211,-148.217 -3.535 0.000,-152.294 -4.588 0.000,0.0,0.0,3.226780484356766,4-2
17.8,4,Passenger Car,4.012,-158.154 -10.033 0.000,-161.808 -11.691 0.000,3.256159864354304,-0.09608434697179452,5.918530982204459,4-1
17.8,5,Passenger Car,4.211,-158.538 -6.402 0.000,-162.387 -8.110 0.000,8.165061335684836,-0.33108515958438334,10.580538079933717,4-2
17.8,6,Passenger Car,4.76,-180.961 -24.094 0.000,-185.002 -26.610 0.000,26.495659848063617,-0.9339971992874795,27.853299032243456,4-1
17.9,1,Passenger Car,4.211,-147.041 -6.850 0.000,-151.119 -7.902 0.000,0.0,0.0,4.962846301111966,4-1
17.9,2,Passenger Car,4.211,-148.217 -3.535 0.000,-152.294 -4.588 0.000,0.0,0.0,3.226780484356766,4-2
17.9,4,Passenger Car,4.012,-158.074 -10.000 0.000,-161.729 -11.655 0.000,3.2050881813915093,-0.09672645244517343,5.827377476937642,4-1
17.9,5,Passenger Car,4.211,-158.324 -6.313 0.000,-162.176 -8.015 0.000,7.992134681076264,-0.32751185908019326,10.351302857254097,4-2
17.9,6,Passenger Car,4.76,-180.341 -23.712 0.000,-184.383 -26.225 0.000,26.00429425418745,-0.9306145400354536,27.201612657813783,4-1
18.0,1,Passenger Car,4.211,-147.041 -6.850 0.000,-151.119 -7.902 0.000,0.0,0.0,4.962846301111966,4-1
18.0,2,Passenger Car,4.211,-148.217 -3.535 0.000,-152.294 -4.588 0.000,0.0,0.0,3.226780484356766,4-2
18.0,4,Passenger Car,4.012,-157.995 -9.967 0.000,-161.652 -11.619 0.000,3.153748032017684,-0.0972349104013884,5.737637920746721,4-1
18.0,5,Passenger Car,4.211,-158.114 -6.226 0.000,-161.968 -7.922 0.000,7.821159174426607,-0.3238165114959137,10.126897357021306,4-2
18.0,6,Passenger Car,4.76,-179.732 -23.337 0.000,-183.776 -25.847 0.000,25.515107321655535,-0.9264882968673459,26.562186184806777,4-1
18.1,1,Passenger Car,4.211,-147.041 -6.850 0.000,-151.119 -7.902 0.000,0.0,0.0,4.962846301111966,4-1
18.1,2,Passenger Car,4.211,-148.217 -3.535 0.000,-152.294 -4.588 0.000,0.0,0.0,3.226780484356766,4-2
18.1,4,Passenger Car,4.012,-157.918 -9.935 0.000,-161.575 -11.584 0.000,3.102206193200836,-0.09761689711471835,5.649320751116051,4-1
18.1,5,Passenger Car,4.211,-157.908 -6.141 0.000,-161.765 -7.832 0.000,7.652193600234881,-0.32000982988623355,9.90726827569489,4-2
18.1,6,Passenger Car,4.76,-179.145 -22.956 0.000,-183.182 -25.479 0.000,25.02846675345454,-0.9216656481102584,25.934956110328514,4-1
18.2,1,Passenger Car,4.211,-147.041 -6.850 0.000,-151.119 -7.902 0.000,0.0,0.0,4.962846301111966,4-1
18.2,2,Passenger Car,4.211,-148.217 -3.535 0.000,-152.294 -4.588 0.000,0.0,0.0,3.226780484356766,4-2
18.2,4,Passenger Car,4.012,-157.841 -9.904 0.000,-161.500 -11.549 0.000,3.0505258039227567,-0.09787930269491715,5.562432497988027,4-1
18.2,5,Passenger Car,4.211,-157.708 -6.058 0.000,-161.566 -7.744 0.000,7.485291352958943,-0.3161020226392247,9.692360598269033,4-2
18.2,6,Passenger Car,4.76,-178.584 -22.565 0.000,-182.601 -25.119 0.000,24.54471641218986,-0.9161917458988391,25.319850279080015,4-1
18.3,1,Passenger Car,4.211,-147.041 -6.850 0.000,-151.119 -7.902 0.000,0.0,0.0,4.962846301111966,4-1
18.3,2,Passenger Car,4.211,-148.217 -3.535 0.000,-152.294 -4.588 0.000,0.0,0.0,3.226780484356766,4-2
18.3,4,Passenger Car,4.012,-157.766 -9.873 0.000,-161.427 -11.516 0.000,2.998766511224244,-0.09802874065156011,5.47697788691687,4-1
18.3,5,Passenger Car,4.211,-157.511 -5.976 0.000,-161.371 -7.659 0.000,7.3205006935484125,-0.3121028122862791,9.482117751696904,4-2
18.3,6,Passenger Car,4.76,-178.032 -22.183 0.000,-182.034 -24.761 0.000,24.06417735209491,-0.9101097878091023,24.716788457294996,4-1
18.4,1,Passenger Car,4.211,-147.041 -6.850 0.000,-151.119 -7.902 0.000,0.0,0.0,4.962846301111966,4-1
18.4,2,Passenger Car,4.211,-148.217 -3.535 0.000,-152.294 -4.588 0.000,0.0,0.0,3.226780484356766,4-2
18.4,4,Passenger Car,4.012,-157.693 -9.843 0.000,-161.354 -11.483 0.000,2.9469846113446714,-0.09807155718504561,5.392959938095373,4-1
18.4,5,Passenger Car,4.211,-157.319 -5.896 0.000,-161.181 -7.575 0.000,7.157864996360439,-0.30802145371634204,9.276481751050966,4-2
18.4,6,Passenger Car,4.76,-177.491 -21.810 0.000,-181.480 -24.407 0.000,23.58714881436395,-0.9034610863213184,24.125682881612533,4-1
18.4,9,Passenger Car,4.644,-288.028 -42.903 0.000,-292.672 -42.897 0.000,47.89377046949638,0.905242498296889,141.98200231952947,4-2
18.5,1,Passenger Car,4.211,-147.041 -6.850 0.000,-151.119 -7.902 0.000,0.0,0.0,4.962846301111966,4-1
18.5,2,Passenger Car,4.211,-148.217 -3.535 0.000,-152.294 -4.588 0.000,0.0,0.0,3.226780484356766,4-2
18.5,4,Passenger Car,4.012,-157.620 -9.813 0.000,-161.283 -11.450 0.000,2.8952331860968297,-0.09801384021066946,5.310380061393033,4-1
18.5,5,Passenger Car,4.211,-157.131 -5.818 0.000,-160.995 -7.493 0.000,6.997422986764414,-0.3038667518104595,9.075393338691129,4-2
18.5,6,Passenger Car,4.76,-176.960 -21.445 0.000,-180.940 -24.056 0.000,23.113909186925365,-0.8962851361674641,23.54643878378073,4-1
18.5,9,Passenger Car,4.644,-286.692 -42.905 0.000,-291.336 -42.898 0.000,48.36841682644768,0.8989493905530797,140.8593466789226,4-2
18.6,1,Passenger Car,4.211,-147.041 -6.850 0.000,-151.119 -7.902 0.000,0.0,0.0,4.962846301111966,4-1
18.6,2,Passenger Car,4.211,-148.217 -3.535 0.000,-152.294 -4.588 0.000,0.0,0.0,3.226780484356766,4-2
18.6,4,Passenger Car,4.012,-157.549 -9.783 0.000,-161.213 -11.419 0.000,2.8435622346146423,-0.09786142812210895,5.229238147539689,4-1
18.6,5,Passenger Car,4.211,-156.948 -5.742 0.000,-160.812 -7.414 0.000,6.839208969733397,-0.2996470785123545,8.878792116703295,4-2
18.6,6,Passenger Car,4.76,-176.440 -21.088 0.000,-180.411 -23.711 0.000,22.64471692974365,-0.8886196796176121,22.978954892060614,4-1
18.6,9,Passenger Car,4.644,-285.343 -42.907 0.000,-289.987 -42.900 0.000,48.83976351433778,0.8927000315342248,139.71897307735568,4-2
18.7,1,Passenger Car,4.211,-147.041 -6.850 0.000,-151.119 -7.902 0.000,0.0,0.0,4.962846301111966,4-1
18.7,2,Passenger Car,4.211,-148.217 -3.535 0.000,-152.294 -4.588 0.000,0.0,0.0,3.226780484356766,4-2
18.7,4,Passenger Car,4.012,-157.479 -9.754 0.000,-161.144 -11.387 0.000,2.7920188006080666,-0.09761991830051849,5.149532655585375,4-1
18.7,5,Passenger Car,4.211,-156.768 -5.667 0.000,-160.634 -7.336 0.000,6.683253049711929,-0.2953703893503795,8.686616672863039,4-2
18.7,6,Passenger Car,4.76,-175.930 -20.738 0.000,-179.895 -23.371 0.000,22.179811466710188,-0.8805007697586044,22.423123910172308,4-1
18.7,9,Passenger Car,4.644,-283.981 -42.909 0.000,-288.625 -42.902 0.000,49.307833471962624,0.8864941171058631,138.56103490535168,4-2
18.8,1,Passenger Car,4.211,-147.041 -6.850 0.000,-151.119 -7.902 0.000,0.0,0.0,4.962846301111966,4-1
18.8,2,Passenger Car,4.211,-148.217 -3.535 0.000,-152.294 -4.588 0.000,0.0,0.0,3.226780484356766,4-2
18.8,4,Passenger Car,4.012,-157.411 -9.726 0.000,-161.076 -11.357 0.000,2.7406470952562607,-0.09729467537536997,5.071260696762835,4-1
18.8,5,Passenger Car,4.211,-156.593 -5.594 0.000,-160.460 -7.261 0.000,6.529581342041984,-0.2910442394258662,8.498804700370755,4-2
18.8,6,Passenger Car,4.76,-175.430 -20.396 0.000,-179.390 -23.037 0.000,21.719414045155276,-0.8719628318172586,21.87883297459966,4-1
18.8,9,Passenger Car,4.644,-282.606 -42.911 0.000,-287.250 -42.904 0.000,49.77264947865109,0.8803313452478293,137.38568580858978,4-2
18.9,1,Passenger Car,4.211,-147.041 -6.850 0.000,-151.119 -7.902 0.000,0.0,0.0,4.962846301111966,4-1
18.9,2,Passenger Car,4.211,-148.217 -3.535 0.000,-152.294 -4.588 0.000,0.0,0.0,3.226780484356766,4-2
18.9,4,Passenger Car,4.012,-157.358 -9.704 0.000,-161.024 -11.333 0.000,1.5166470952562605,-2.318176549598751,4.9944181148758275,4-1
18.9,5,Passenger Car,4.211,-156.422 -5.522 0.000,-160.290 -7.187 0.000,6.378216176221019,-0.2866757988825879,8.31529311159639,4-2
18.9,6,Passenger Car,4.76,-174.940 -20.061 0.000,-178.896 -22.708 0.000,21.263728563986916,-0.8630387225793446,21.345964091044095,4-1
18.9,9,Passenger Car,4.644,-281.218 -42.913 0.000,-285.862 -42.907 0.000,50.23423415537368,0.8742114160395563,136.19307957860565,4-2
19.0,1,Passenger Car,4.211,-147.041 -6.850 0.000,-151.119 -7.902 0.000,0.0,0.0,4.962846301111966,4-1
19.0,2,Passenger Car,4.211,-148.217 -3.535 0.000,-152.294 -4.588 0.000,0.0,0.0,3.226780484356766,4-2
19.0,4,Passenger Car,4.012,-157.335 -9.695 0.000,-161.002 -11.323 0.000,0.2926470952562604,-2.318176549598751,4.935289028896477,4-1
19.0,5,Passenger Car,4.211,-156.255 -5.453 0.000,-160.124 -7.115 0.000,6.22917629125854,-0.28227186787166436,8.13601814606497,4-2
19.0,6,Passenger Car,4.76,-174.475 -19.744 0.000,-178.428 -22.396 0.000,19.57148962186881,-3.204990712366005,20.808105085229798,4-1
19.0,9,Passenger Car,4.644,-279.817 -42.915 0.000,-284.461 -42.909 0.000,50.693116990593275,0.8690943036106737,134.98337004922004,4-2
19.1,1,Passenger Car,4.211,-147.041 -6.850 0.000,-151.119 -7.902 0.000,0.0,0.0,4.962846301111966,4-1
19.1,2,Passenger Car,4.211,-148.217 -3.535 0.000,-152.294 -4.588 0.000,0.0,0.0,3.226780484356766,4-2
19.1,4,Passenger Car,4.012,-157.335 -9.695 0.000,-161.001 -11.323 0.000,0.0,-2.318176549598751,4.910159942917147,4-1
19.1,5,Passenger Car,4.211,-156.092 -5.384 0.000,-159.961 -7.045 0.000,6.082477023390143,-0.27783889102599824,7.960915472905526,4-2
19.1,6,Passenger Car,4.76,-174.048 -19.452 0.000,-177.998 -22.108 0.000,17.88689557639588,-3.190511774353785,20.26607836307224,4-1
19.1,9,Passenger Car,4.644,-278.404 -42.917 0.000,-283.048 -42.911 0.000,51.149803043068175,0.8649337396863884,133.7567039564633,4-2
19.2,1,Passenger Car,4.211,-147.041 -6.850 0.000,-151.119 -7.902 0.000,0.0,0.0,4.962846301111966,4-1
19.2,2,Passenger Car,4.211,-148.217 -3.535 0.000,-152.294 -4.588 0.000,0.0,0.0,3.226780484356766,4-2
19.2,4,Passenger Car,4.012,-157.335 -9.695 0.000,-161.001 -11.323 0.000,0.0,0.0,4.909188148228026,4-1
19.2,5,Passenger Car,4.211,-155.932 -5.318 0.000,-159.803 -6.977 0.000,5.93813048640079,-0.27338297145793244,7.7899202879798395,4-2
19.2,6,Passenger Car,4.76,-173.659 -19.187 0.000,-177.607 -21.846 0.000,16.264340246045194,-3.073014474873701,19.746794807785463,4-1
19.2,9,Passenger Car,4.644,-276.978 -42.920 0.000,-281.622 -42.913 0.000,51.604302829326905,0.8607930933845015,132.51321414092146,4-2
19.3,1,Passenger Car,4.211,-147.041 -6.850 0.000,-151.119 -7.902 0.000,0.0,0.0,4.962846301111966,4-1
19.3,2,Passenger Car,4.211,-148.217 -3.535 0.000,-152.294 -4.588 0.000,0.0,0.0,3.226780484356766,4-2
19.3,4,Passenger Car,4.012,-157.335 -9.695 0.000,-161.001 -11.323 0.000,0.0,0.0,4.909188148228026,4-1
19.3,5,Passenger Car,4.211,-155.772 -5.267 0.000,-159.649 -6.908 0.000,5.796145744801922,-0.2689098842935722,7.622967405899402,4-2
19.3,6,Passenger Car,4.76,-173.292 -18.937 0.000,-177.239 -21.598 0.000,15.94281750694363,-0.6089431976699395,19.272472088029332,4-1
19.3,9,Passenger Car,4.644,-275.539 -42.922 0.000,-280.183 -42.915 0.000,52.05662681555283,0.8566722693545537,131.25302666366306,4-2
19.4,1,Passenger Car,4.211,-147.041 -6.850 0.000,-151.119 -7.902 0.000,0.0,0.0,4.962846301111966,4-1
19.4,2,Passenger Car,4.211,-148.217 -3.535 0.000,-152.294 -4.588 0.000,0.0,0.0,3.226780484356766,4-2
19.4,4,Passenger Car,4.012,-157.335 -9.695 0.000,-161.001 -11.323 0.000,0.0,0.0,4.909188148228026,4-1
19.4,5,Passenger Car,4.211,-155.608 -5.235 0.000,-159.501 -6.840 0.000,5.6565289801001875,-0.26442508975686835,7.4599913471327,4-2
19.4,6,Passenger Car,4.76,-172.932 -18.691 0.000,-176.877 -21.355 0.000,15.62383950783346,-0.6041236253064747,18.82515045257115,4-1
19.4,9,Passenger Car,4.644,-274.088 -42.924 0.000,-278.732 -42.917 0.000,52.506785417825185,0.8525711727025511,129.9762675884731,4-2
19.5,1,Passenger Car,4.211,-147.041 -6.850 0.000,-151.119 -7.902 0.000,0.0,0.0,4.962846301111966,4-1
19.5,2,Passenger Car,4.211,-148.217 -3.535 0.000,-152.294 -4.588 0.000,0.0,0.0,3.226780484356766,4-2
19.5,4,Passenger Car,4.012,-157.335 -9.695 0.000,-161.001 -11.323 0.000,0.0,0.0,4.909188148228026,4-1
19.5,5,Passenger Car,4.211,-155.449 -5.204 0.000,-159.356 -6.775 0.000,5.5192836503887035,-0.2599337458162678,7.300926420397957,4-2
19.5,6,Passenger Car,4.76,-172.579 -18.451 0.000,-176.524 -21.116 0.000,15.307578904164293,-0.5989770547286026,18.386724660699244,4-1
19.5,9,Passenger Car,4.644,-272.625 -42.926 0.000,-277.268 -42.919 0.000,52.95478900235891,0.8484897089887803,128.68306290085536,4-2
19.6,1,Passenger Car,4.211,-147.041 -6.850 0.000,-151.119 -7.902 0.000,0.0,0.0,4.962846301111966,4-1
19.6,2,Passenger Car,4.211,-148.217 -3.535 0.000,-152.294 -4.588 0.000,0.0,0.0,3.226780484356766,4-2
19.6,4,Passenger Car,4.012,-157.335 -9.695 0.000,-161.001 -11.323 0.000,0.0,0.0,4.909188148228026,4-1
19.6,5,Passenger Car,4.211,-155.294 -5.173 0.000,-159.213 -6.712 0.000,5.384410643485241,-0.25544072040643556,7.145706800530064,4-2
19.6,6,Passenger Car,4.76,-172.234 -18.216 0.000,-176.177 -20.882 0.000,14.994195706301939,-0.5935274349042298,17.95712162719927,4-1
19.6,9,Passenger Car,4.644,-271.149 -42.928 0.000,-275.793 -42.921 0.000,53.40064788574338,0.8444277842256332,127.37353843155404,4-2
19.7,1,Passenger Car,4.211,-147.041 -6.850 0.000,-151.119 -7.902 0.000,0.0,0.0,4.962846301111966,4-1
19.7,2,Passenger Car,4.211,-148.217 -3.535 0.000,-152.294 -4.588 0.000,0.0,0.0,3.226780484356766,4-2
19.7,4,Passenger Car,4.012,-157.335 -9.695 0.000,-161.001 -11.323 0.000,0.0,0.0,4.909188148228026,4-1
19.7,5,Passenger Car,4.211,-155.143 -5.142 0.000,-159.073 -6.653 0.000,5.251908423835243,-0.2509506032372622,6.994266602004046,4-2
19.7,6,Passenger Car,4.76,-171.896 -17.985 0.000,-175.838 -20.653 0.000,14.683837846610366,-0.5877976407848535,17.536263646498355,4-1
19.7,9,Passenger Car,4.644,-269.660 -42.930 0.000,-274.304 -42.923 0.000,53.84437233517998,0.8403853048754438,126.04781978441198,4-2
19.8,1,Passenger Car,4.211,-147.041 -6.850 0.000,-151.119 -7.902 0.000,0.0,0.0,4.962846301111966,4-1
19.8,2,Passenger Car,4.211,-148.217 -3.535 0.000,-152.294 -4.588 0.000,0.0,0.0,3.226780484356766,4-2
19.8,4,Passenger Car,4.012,-157.335 -9.695 0.000,-161.001 -11.323 0.000,0.0,0.0,4.909188148228026,4-1
19.8,5,Passenger Car,4.211,-154.995 -5.112 0.000,-158.936 -6.596 0.000,5.121773173391284,-0.24646771720208016,6.846539948291252,4-2
19.8,6,Passenger Car,4.76,-171.564 -17.760 0.000,-175.506 -20.429 0.000,14.376641726004449,-0.5818095121865567,17.124068736041238,4-1
19.8,9,Passenger Car,4.644,-268.160 -42.932 0.000,-272.804 -42.926 0.000,54.28597256871852,0.8363621778483327,124.70603226838972,4-2
